# Blender 4.2.1 LTS
# www.blender.org
o Asteroid_2b
v 0.204787 0.041159 0.960442
v 0.179464 -0.086680 0.962335
v 0.133116 -0.017016 0.892717
v 0.311726 -0.116434 0.936751
v -0.451679 0.165251 0.901185
v 0.254399 0.205711 0.865894
v 0.345479 -0.068295 0.888699
v 0.643057 0.160924 0.805472
v -0.690100 -0.063600 0.796338
v 0.475744 0.374449 0.716889
v 0.509854 0.038688 0.751118
v -0.754663 0.169012 0.712208
v -0.123848 0.372899 0.752371
v 0.237558 0.293453 0.631717
v -0.330930 0.408189 0.715948
v 0.829900 -0.013167 0.631349
v 0.797047 0.278729 0.632458
v 0.421260 0.456538 0.603310
v -0.649253 -0.549688 0.535241
v 0.645669 -0.490393 0.526925
v -0.844895 0.287702 0.521596
v 0.228762 0.604904 0.460592
v -0.685533 0.489951 0.357639
v -0.947562 0.107718 0.413757
v 1.008777 -0.284032 0.367243
v 0.634268 0.456585 0.254273
v 0.766499 -0.511969 0.302744
v -0.411067 -0.674964 0.305440
v 0.355181 -0.733426 0.139118
v -0.032244 0.736133 0.220327
v 0.232215 -0.751831 0.193631
v -0.756271 0.585392 0.105008
v -0.831487 0.485898 -0.058315
v -0.964806 0.311332 -0.039971
v 1.110675 -0.247592 -0.040292
v -0.543146 0.723281 0.023203
v 0.804666 0.527305 -0.100260
v -0.574922 -0.646443 -0.028899
v 0.134764 -0.773018 -0.032396
v 0.684300 -0.637924 -0.204277
v 0.943842 0.104985 -0.216864
v 0.748980 -0.607646 -0.205083
v 0.864741 0.305568 -0.192863
v -0.383716 0.721549 -0.256138
v 0.527119 0.700640 -0.210406
v 0.578445 -0.585700 -0.217815
v -0.717987 -0.471466 -0.304119
v 0.110003 -0.688668 -0.259662
v -0.976348 0.000654 -0.342590
v 0.328744 0.648465 -0.443698
v -0.148634 0.555848 -0.514886
v -0.981892 0.127423 -0.470830
v -0.471445 -0.565518 -0.434242
v -0.697698 0.436438 -0.458706
v -0.955180 -0.087935 -0.489058
v -0.235104 0.261710 -0.536171
v 0.426171 -0.106978 -0.481522
v 0.659344 0.338582 -0.610546
v -0.678572 -0.130648 -0.747226
v -0.518412 -0.175620 -0.720314
v 0.495711 0.049728 -0.851508
v 0.079903 -0.212811 -0.914938
v 0.160125 -0.104261 -0.919427
v -0.295208 0.071803 0.915798
v -0.102374 0.010698 0.886062
v 0.079916 -0.017434 0.861839
v -0.231566 0.205839 0.799593
v 0.379385 0.101552 0.882336
v 0.633084 0.268895 0.773053
v 0.107609 0.380086 0.701161
v 0.470149 -0.167027 0.762060
v 0.387934 -0.124790 0.801327
v -0.377414 0.308442 0.808790
v 0.332848 -0.303533 0.826737
v 0.322291 -0.496408 0.652208
v 0.488388 -0.351284 0.761571
v -0.672848 -0.412473 0.646201
v 0.356945 0.350659 0.595352
v 0.234916 0.426293 0.534665
v 0.156677 0.521324 0.603581
v -0.515497 0.311000 0.562885
v 0.328945 0.419048 0.546323
v -0.079748 -0.565468 0.488703
v 0.672656 -0.493106 0.432803
v 0.782900 -0.415952 0.411600
v 0.195800 -0.550835 0.605134
v 0.319447 -0.620213 0.524522
v -0.056597 0.462593 0.442261
v -0.799818 0.383946 0.448509
v -0.905683 0.289692 0.415687
v -0.931497 0.141905 0.446376
v 0.213218 0.626474 0.363591
v 0.854169 -0.360061 0.512513
v -0.631967 0.419189 0.454758
v -0.689837 0.380376 0.396266
v -0.885334 0.374954 0.352322
v -0.823508 0.080074 0.431026
v -0.802643 -0.003378 0.487347
v -0.749889 0.382112 0.382323
v 0.591992 -0.431948 0.361394
v 0.080851 -0.557905 0.387078
v 0.176381 -0.545400 0.444190
v -0.378301 -0.615228 0.511891
v -0.877191 0.297513 0.322533
v -0.624189 -0.531445 0.338890
v -0.216778 -0.677329 0.495535
v -0.207530 -0.778368 0.264854
v -0.076880 -0.753576 0.344543
v -1.045093 -0.000540 0.380019
v -0.908186 0.241091 0.315643
v -0.789309 -0.479708 0.332638
v -0.666811 0.632207 0.177355
v 1.023274 0.376573 0.158515
v -0.987909 -0.323433 0.239513
v -0.950524 -0.459181 0.058347
v 0.539544 -0.466919 0.268769
v 0.403116 -0.611813 0.402195
v -1.044831 0.207272 0.185274
v 0.201374 0.688388 0.282083
v -0.118384 -0.778796 0.185155
v -0.249627 0.733598 0.159782
v 0.307001 0.572112 0.150741
v -0.854830 0.484193 0.206002
v 0.502471 -0.693501 0.110578
v -0.477833 -0.695589 0.079116
v 0.082086 -0.802927 0.098827
v 0.203879 0.688832 0.019898
v 0.081463 0.708011 0.049616
v -0.753249 -0.605719 0.047682
v -0.832509 -0.570375 0.214088
v -0.128315 -0.714496 0.073770
v 0.450957 0.588686 0.049973
v 0.646035 0.649164 -0.058828
v 0.815616 0.564919 0.101841
v -0.875975 -0.302640 -0.001342
v -0.223278 -0.676009 0.006967
v -0.610583 0.539129 -0.007159
v -1.030241 0.305788 0.028521
v -0.499589 0.688411 -0.239354
v 0.835808 -0.412439 -0.017295
v -0.196021 -0.750848 -0.063872
v 0.494115 0.710816 -0.103639
v -1.072668 0.259371 -0.057657
v 1.128965 -0.091113 -0.061606
v 0.948934 -0.286510 -0.070140
v -0.452183 -0.639665 -0.243444
v 1.155327 0.002777 -0.125063
v -0.800512 -0.338949 -0.096971
v 0.498790 -0.603602 -0.090201
v -0.889955 -0.045198 -0.086663
v 0.657725 -0.651037 -0.046228
v 0.588176 0.566396 -0.158213
v -0.690010 0.446016 -0.061712
v 0.966288 0.239275 -0.109271
v -0.892881 -0.113392 -0.096654
v -0.555398 0.518897 -0.088208
v 0.411662 -0.684935 -0.076040
v 0.299468 -0.686512 -0.204373
v 0.405635 -0.661256 -0.154907
v 0.825313 0.265740 -0.264552
v 0.507257 -0.584597 -0.200372
v -0.332239 0.803386 -0.087929
v -0.211885 0.733503 -0.238742
v 0.587964 0.656492 -0.125392
v -0.627555 0.493858 -0.245632
v -0.291647 0.638860 -0.297597
v -0.603819 -0.456128 -0.267651
v -0.606764 -0.566438 -0.217389
v -0.373315 0.659566 -0.385395
v -0.464573 0.648053 -0.341327
v 0.925913 -0.366593 -0.304640
v -0.597007 -0.431400 -0.319141
v -0.542811 -0.488989 -0.306456
v 0.334165 -0.596412 -0.399428
v 0.991930 0.039949 -0.396260
v -0.844043 -0.240265 -0.364354
v 0.550354 -0.623639 -0.368654
v -0.287677 0.649580 -0.426739
v 0.546415 -0.143593 -0.397307
v -0.547929 0.602052 -0.382824
v 0.310582 0.676407 -0.322913
v -0.816446 0.366419 -0.407934
v 0.605098 0.001072 -0.428838
v -0.780356 -0.351483 -0.494797
v -0.086675 -0.462957 -0.384273
v -0.457990 0.570410 -0.399198
v -0.731092 0.329864 -0.444110
v -0.881343 0.297127 -0.430653
v -0.668601 -0.397484 -0.507871
v 0.718363 0.410037 -0.545613
v -1.043203 -0.012758 -0.460046
v -0.945994 0.024136 -0.470800
v -0.391396 -0.579274 -0.495083
v -0.873034 -0.251447 -0.507676
v -0.608266 -0.329028 -0.501990
v 0.208631 0.634734 -0.491999
v 0.153193 0.539250 -0.632548
v 0.947014 0.014394 -0.507528
v -0.864639 0.122428 -0.600275
v -0.235483 0.141216 -0.598997
v -0.791771 0.285602 -0.535934
v 0.292329 0.518191 -0.551404
v 0.319262 0.492337 -0.566150
v 0.429939 0.315046 -0.606657
v -0.153929 0.233173 -0.640039
v -0.739022 -0.191233 -0.695982
v -0.673641 0.107664 -0.725630
v 0.223577 -0.490421 -0.687511
v 0.512201 0.269944 -0.765934
v 0.290117 -0.037778 -0.824545
v 0.345983 -0.102175 -0.812373
v 0.268623 -0.119214 -0.802056
v -0.436621 -0.235795 -0.830333
v -0.056086 -0.268242 -0.847322
v 0.159097 -0.300216 -0.873116
v 0.582285 -0.002579 -0.810540
v -0.233656 -0.079076 -0.857628
v -0.271102 -0.166278 -0.879602
v 0.294346 -0.219720 -0.851028
v 0.363224 -0.175014 -0.807630
v -0.246456 -0.014794 -0.896447
v -0.330639 -0.051331 -0.896558
v 0.287433 0.024549 -0.907924
v 0.104804 -0.007350 -0.976176
v -0.152965 -0.107783 -0.902947
v 0.229725 0.326793 -0.795725
v 0.259252 0.482927 -0.649830
v 0.141314 0.677674 -0.380468
v 0.359020 0.414558 -0.563618
v 0.368256 0.393683 -0.763986
v 0.226036 -0.066743 -0.823634
v 0.681779 0.073655 -0.739700
v 0.087895 -0.577730 -0.553864
v 0.111011 -0.630872 -0.343902
v 0.030867 -0.610103 -0.242721
v -0.085422 -0.591424 -0.165047
v -0.214294 -0.544283 -0.181330
v -0.256296 -0.493290 -0.275034
v 0.018428 -0.543520 -0.257965
v -0.082463 -0.564926 -0.564649
v -0.162925 -0.542882 -0.557212
v -0.383468 -0.586255 -0.425596
v -0.332672 -0.519101 -0.364146
v -0.114913 -0.521710 -0.291212
v 0.050597 -0.582052 -0.491617
v 0.016496 -0.510436 -0.337808
v -0.029815 -0.484410 -0.414401
v -0.033981 -0.547115 -0.620091
v 0.036574 -0.492695 -0.667772
v -0.150554 -0.369645 -0.772226
v -0.251277 -0.567606 -0.585043
v -0.395564 -0.634861 -0.253032
v -0.327094 -0.585379 -0.202454
v -0.293546 -0.691132 -0.138803
v -0.374347 -0.333330 -0.733048
v -0.177564 -0.436197 -0.712696
v -0.148629 -0.054835 -0.931620
v 0.174162 0.146872 -0.935989
v 0.190341 0.421147 -0.708325
v -0.135952 0.506463 -0.549596
v -0.363440 0.500666 -0.533200
v -0.520183 0.530530 -0.500135
v -0.548268 0.360066 -0.594611
v -0.625787 0.193284 -0.712144
v -0.489721 0.210216 -0.689487
v -0.395814 0.092175 -0.789552
v -0.226014 0.069976 -0.740842
v -0.303008 0.143950 -0.625617
v -0.147382 0.121389 -0.663273
v -0.075919 0.121707 -0.782611
v -0.087302 0.348932 -0.582116
v -0.221224 0.417918 -0.509949
v -0.408635 0.251973 -0.556494
v -0.022217 0.143427 -0.864834
v -0.225154 0.043872 -0.868922
v -0.012678 0.021323 -0.968987
v -0.003035 0.278022 -0.666746
v 0.063372 0.465713 -0.663239
v 0.085906 0.351044 -0.729217
v 0.068350 0.230916 -0.854381
v -0.501159 -0.168141 -0.839931
v -0.533464 0.001523 -0.852077
v -0.700605 0.192465 -0.629001
v -0.712977 0.333605 -0.556718
v -0.971674 0.196766 -0.374081
v -0.946765 0.249940 -0.261430
v -0.924754 0.407658 -0.125389
v -0.813494 0.457703 -0.205685
v -0.706520 0.500182 -0.301808
v -0.667828 0.440343 -0.191331
v -0.560832 0.531418 -0.185952
v -0.570176 0.624530 -0.251870
v -0.615503 0.594468 -0.327266
v -0.363282 0.601246 -0.448823
v -0.193640 0.661048 -0.366602
v -0.056763 0.638900 -0.463245
v 0.480459 0.623206 -0.305042
v 0.412212 0.725547 -0.190426
v 0.588795 0.630048 -0.369061
v 0.550588 0.623545 -0.287069
v 0.467818 0.638637 -0.462326
v 0.443496 0.600982 -0.527360
v 0.437563 0.317562 -0.573695
v 0.339011 0.430221 -0.717866
v 0.436723 0.352170 -0.776964
v 0.756808 0.019580 -0.652538
v 0.681841 0.011890 -0.698206
v 0.292303 -0.401360 -0.687939
v 0.336040 -0.520952 -0.516751
v 0.590749 -0.575696 -0.115555
v 0.586864 -0.645082 -0.296105
v 0.280597 -0.739292 -0.084487
v 0.220892 -0.717123 0.003351
v -0.082382 -0.789567 0.041922
v -0.243064 -0.653306 0.156284
v -0.303759 -0.655058 0.088077
v -0.307631 -0.722773 -0.051493
v -0.390328 -0.697680 0.075003
v -0.124520 -0.621129 0.584780
v 0.167318 -0.361575 0.851692
v 0.375041 -0.188507 0.880277
v 0.274120 0.300061 0.781446
v 0.154540 0.333076 0.722188
v 0.371893 0.496971 0.547251
v 0.474775 0.415834 0.466194
v 0.373326 0.432560 0.362769
v 0.561433 0.402916 0.335013
v 0.585708 0.565608 0.088644
v 0.649689 0.641768 0.072871
v 0.493235 0.678136 0.029658
v 0.280166 0.719628 0.011198
v 0.433395 0.519010 0.104431
v 0.327711 0.478488 0.306575
v 0.369745 0.695137 0.050725
v 0.083936 0.628359 0.496181
v 0.062298 0.558076 0.592836
v -0.036159 0.488387 0.630966
v 0.275834 0.723429 0.149123
v -0.249116 0.675720 0.205047
v 0.042757 0.622998 0.352146
v -0.140949 0.455235 0.668840
v -0.257915 0.448950 0.701895
v -0.173682 0.412868 0.488485
v -0.051277 0.498923 0.347582
v -0.078795 0.653851 0.246281
v -0.142595 0.508599 0.251478
v -0.425079 0.482647 0.488544
v -0.308552 0.419777 0.496423
v -0.329642 0.448212 0.372323
v -0.274936 0.496853 0.275553
v -0.108620 0.751997 0.074307
v 0.137152 0.772076 0.135790
v -0.046718 0.733449 -0.018234
v -0.292586 0.820085 -0.025772
v -0.481840 0.640090 0.274599
v -0.415513 0.668126 0.270137
v -0.448092 0.470367 0.519453
v -0.455593 0.279257 0.849310
v -0.550391 0.298350 0.811159
v -0.601871 0.196487 0.844092
v -0.546216 -0.043482 0.875144
v -0.570821 -0.134004 0.812760
v -0.330901 0.295020 0.820230
v 0.056035 0.204871 0.846476
v 0.106197 -0.128004 0.924601
v 0.001061 -0.096482 0.896403
v -0.140781 0.145825 0.865707
v 0.040547 0.081967 0.891382
v -0.267367 0.020444 0.888490
v -0.033166 -0.482079 0.683345
v -0.533320 -0.603791 0.498457
v -0.477368 -0.641589 0.399548
v -0.679251 -0.542292 -0.098226
v -0.514569 -0.560753 -0.326779
v -0.574141 -0.506781 -0.433052
v -0.496166 -0.463122 -0.539229
v -0.377565 -0.458452 -0.700797
v -0.981258 0.390864 0.111321
v -0.713731 0.526807 0.305041
v -0.825967 0.437590 0.371294
v -0.777616 0.332847 0.537768
v -0.610669 0.310089 0.649178
v -0.537844 0.300615 0.626223
v -0.800844 0.224816 0.613818
v -0.854847 0.176279 0.508470
v -0.871170 0.008484 0.408989
v -0.712849 0.064653 0.510285
v -0.789107 0.176024 0.620776
v -0.442018 -0.005950 0.904130
v -0.032330 -0.132641 0.827694
v 0.025635 -0.316614 0.781559
v -0.097015 -0.447705 0.674275
v -0.167367 -0.572288 0.648061
v -0.316789 -0.506290 0.620334
v -0.561657 -0.460762 0.684074
v -0.219577 -0.447928 0.613846
v -0.198868 -0.285795 0.579563
v -0.163779 -0.155907 0.646359
v -0.179856 -0.046424 0.750384
v -0.310798 -0.108114 0.660243
v -0.289589 -0.018851 0.756310
v -0.174685 0.000557 0.862433
v -0.385915 -0.440612 0.590881
v -0.455711 -0.471310 0.644811
v -0.570257 -0.369345 0.704691
v -0.609102 -0.279283 0.758784
v -0.785029 -0.485890 0.488896
v -0.974988 -0.215037 0.434345
v -1.050057 -0.117688 0.387387
v -0.986913 -0.091549 0.426391
v -0.732324 0.055095 0.729617
v -0.740668 -0.275779 0.647568
v -0.864886 -0.231850 0.514574
v -0.845215 -0.134008 0.444358
v -0.692024 0.055240 0.616942
v -0.767673 -0.219262 0.610684
v -0.755773 -0.143201 0.500541
v -0.690153 -0.032904 0.542616
v -0.675200 -0.057830 0.609793
v -0.717974 -0.139748 0.692800
v -0.694834 -0.155300 0.562893
v -1.096509 -0.101130 0.262298
v -0.909458 -0.465014 0.334918
v -0.595811 -0.660683 0.146284
v -0.868616 -0.534237 0.270183
v -0.850471 -0.507307 0.376817
v -0.783030 -0.496505 0.460252
v -0.892359 -0.512894 0.004690
v -0.798023 -0.512661 -0.167417
v -0.688773 -0.462428 -0.390099
v -0.819854 -0.438759 -0.324425
v -0.888785 -0.367316 -0.359352
v -0.864710 -0.447085 -0.240803
v -0.886342 -0.402443 -0.243164
v -0.971672 -0.134525 -0.470765
v -0.978059 0.304011 -0.110221
v -0.914780 0.398863 0.273155
v -0.912475 0.289636 0.254825
v -0.994544 0.321140 0.212810
v -0.982016 0.192899 0.308333
v -1.009051 0.338879 0.172023
v -1.132765 0.147275 0.128780
v -0.887083 -0.430268 -0.082621
v -0.944135 -0.180093 -0.424285
v -1.031957 -0.098328 -0.429033
v -1.068076 0.069692 -0.409028
v -1.088033 0.136164 -0.211311
v -1.120187 0.075477 0.082193
v -1.096635 0.026039 0.170829
v -1.001960 -0.241999 0.148739
v -0.929337 -0.418826 0.007374
v -0.897586 -0.265057 -0.405675
v -1.072926 0.197876 -0.235289
v -1.095066 0.121894 -0.046541
v -1.063930 -0.019042 0.128817
v -0.959563 -0.053055 0.087628
v -1.075817 0.085036 -0.322679
v -0.831281 -0.352316 -0.218285
v -0.989548 0.068496 -0.018344
v -0.877797 -0.145777 0.036349
v -0.802708 -0.323048 -0.065207
v -0.831007 -0.256588 -0.273245
v -0.925636 -0.146819 -0.371929
v -1.061142 -0.017219 -0.406695
v -0.992042 0.101113 -0.168463
v -0.905754 0.019567 -0.073589
v -0.836370 -0.261891 -0.088572
v -0.892731 -0.018103 -0.223435
v -0.869609 -0.117432 -0.248450
v -0.781204 -0.285975 -0.609010
v -0.519692 -0.373706 -0.510224
v -0.425269 -0.338743 -0.606914
v -0.486614 -0.216907 -0.797783
v -0.730710 -0.244142 -0.671853
v -0.517294 -0.244247 -0.562083
v -0.458782 -0.209189 -0.673097
v -0.716541 -0.326639 -0.552923
v -0.605718 -0.176852 -0.676237
v -0.618287 -0.170369 -0.743185
v -0.661094 -0.270183 -0.544180
v -0.483860 -0.669826 0.269983
v -0.691656 -0.627960 0.132949
v -0.760768 -0.542815 0.212450
v -0.689406 -0.491914 0.460695
v -0.507749 -0.587190 0.369593
v -0.603410 -0.600656 0.176404
v -0.522250 -0.175842 0.694190
v -0.431255 -0.034889 0.783904
v -0.340314 -0.349784 0.563970
v -0.391512 -0.257486 0.592455
v -0.494326 -0.345502 0.632137
v -0.151051 0.765212 -0.148660
v 0.144677 0.687043 -0.127772
v 0.032794 0.732438 -0.143488
v -0.744251 0.566810 0.034324
v -0.548632 0.675111 -0.095717
v -0.620053 0.647029 0.016532
v 0.016753 0.730070 -0.277390
v -0.465996 0.583103 0.372032
v -0.543346 0.405531 0.507103
v 0.710164 0.485476 -0.196646
v 0.645300 0.509393 -0.296115
v 0.574520 0.615746 -0.483561
v 0.480877 0.340934 -0.737080
v 0.541841 0.320271 -0.684045
v 0.587310 0.370152 -0.578296
v 0.423753 0.466126 -0.506161
v 0.490916 0.398020 -0.516605
v 0.595677 0.521216 -0.538311
v 0.789221 0.507804 -0.301127
v 0.939446 0.423667 -0.081776
v 0.942866 0.363032 -0.129168
v 1.057907 0.238302 -0.086131
v 0.994208 0.128892 -0.150126
v 0.920301 0.205811 -0.208805
v 0.867845 0.457696 -0.252024
v 0.834229 0.459923 -0.354907
v 0.878808 0.200858 -0.546490
v 0.858746 0.059076 -0.624911
v 0.430432 -0.078589 -0.842895
v 0.432188 -0.571425 -0.413928
v 0.864020 -0.568254 0.007361
v 0.868535 -0.503371 0.214805
v 0.563744 -0.676048 -0.002308
v 0.449227 -0.668768 -0.272291
v 0.453483 -0.617188 0.258890
v -0.072853 -0.797661 0.218215
v -0.135516 -0.680427 0.459295
v -0.007311 -0.530032 0.645908
v 0.156414 -0.529460 0.659184
v 0.717034 0.407676 0.559165
v 0.715945 0.493310 0.393656
v 0.792343 0.550075 0.253698
v 0.737243 0.553132 0.236170
v 0.594830 0.445837 0.512572
v 0.392519 0.332409 0.737353
v 0.329410 0.300304 0.668037
v 0.182615 0.337623 0.616197
v 0.240767 0.538083 0.556802
v 0.697093 0.548551 -0.370722
v 1.154623 0.088390 -0.076391
v 1.101065 0.091725 -0.194691
v 1.053995 0.048233 -0.280770
v 0.993661 0.057568 -0.358538
v 0.879173 0.102506 -0.294887
v 0.884467 0.109343 -0.350979
v 0.837117 0.216105 -0.350133
v 0.868999 0.304049 -0.448813
v 0.859044 0.377362 -0.293276
v 0.863435 -0.041576 -0.536668
v 0.479377 -0.060681 -0.722999
v 0.393612 -0.239572 -0.643397
v 0.384902 -0.294085 -0.521401
v 0.446179 -0.465052 -0.403992
v 0.660792 -0.572808 -0.372920
v 0.493258 -0.030186 -0.623011
v 0.799374 -0.460573 -0.315287
v 0.978095 -0.225888 -0.376133
v 0.905960 -0.192442 -0.416775
v 0.776195 -0.093129 -0.379305
v 0.743581 0.010324 -0.486982
v 0.620770 0.036217 -0.581508
v 0.506520 -0.076054 -0.441915
v 0.412472 -0.144916 -0.413032
v 0.430814 -0.249377 -0.385596
v 0.372620 -0.178183 -0.476673
v 0.450666 -0.367988 -0.425447
v 0.619863 -0.427011 -0.367259
v 0.654729 -0.035570 -0.387805
v 0.506656 -0.219006 -0.347137
v 0.597255 -0.265140 -0.321623
v 0.659246 -0.178395 -0.316341
v 0.791743 -0.315398 -0.337754
v 1.047921 -0.261222 -0.204058
v 0.869785 -0.428801 -0.268050
v 0.968792 -0.314029 -0.229890
v 0.810595 -0.403501 -0.145144
v 0.844602 -0.463740 -0.232999
v 0.560405 -0.632957 0.207665
v 0.541550 -0.477998 0.616129
v 0.787199 -0.262336 0.600632
v 0.461450 -0.233530 0.836496
v 0.391499 0.014065 0.794059
v 0.469269 0.124393 0.836463
v 0.647366 0.040699 0.783367
v 1.116885 0.166008 0.113714
v 0.941944 0.153495 -0.467477
v 1.092919 -0.016812 -0.273764
v 0.849120 -0.330897 -0.170122
v 0.851229 -0.555324 -0.061228
v 0.717200 -0.181704 0.738657
v 0.570284 -0.213039 0.810095
v 0.664521 -0.103958 0.793534
v 0.566493 -0.088994 0.746012
v 0.870864 0.351129 0.422074
v 1.031548 0.342900 0.200552
v 1.058715 -0.259414 0.085450
v 0.966341 -0.466352 0.100857
v 0.932258 -0.472758 0.036839
v 0.808538 -0.423415 -0.071983
v 1.031738 -0.364060 0.024215
v 1.167785 -0.119134 0.092191
v 1.037788 -0.312863 -0.046189
v 0.902807 -0.336881 -0.015719
v 1.030545 -0.284691 -0.143343
v 0.954576 -0.115946 0.493006
v 0.842920 0.289671 0.523598
v 0.933568 0.396505 0.302326
v 1.108015 -0.100129 0.234306
v 0.826974 0.115307 0.595289
v 1.112030 0.057057 0.160433
v 1.073177 -0.080919 0.250548
v 1.017824 -0.139361 0.405544
v 1.064855 0.241918 0.169961
v 0.916736 0.339008 0.295327
v 0.876063 -0.035565 0.560642
v 0.954433 0.230416 0.189906
v 0.995106 0.048026 0.165332
v 0.893861 -0.085473 0.424756
v 0.784397 0.096658 0.483497
v 0.780923 0.165381 0.461605
v 0.811720 0.233663 0.367302
v 0.914626 -0.011638 0.257387
v 0.939345 -0.057483 0.264165
v 0.810972 0.024861 0.463378
v 0.854760 0.218287 0.271114
v 0.914303 0.108890 0.222735
v 0.857663 0.004685 0.412469
v 0.863313 0.128305 0.403044
v 0.921255 0.101570 0.325461
v 0.676922 -0.525156 0.297053
v 0.452679 -0.481033 0.296900
v 0.474471 -0.546737 0.514884
v 0.492262 -0.413884 0.352110
v 0.553602 -0.505750 0.506264
v 0.469048 -0.433047 0.376917
v 0.258827 -0.660249 0.397579
v 0.095902 -0.728117 0.288585
v 0.016988 -0.522350 0.476728
v 0.094048 -0.500284 0.580390
v -0.022303 -0.631285 0.347712
v 0.145980 -0.624759 0.339115
v -0.336288 -0.728533 0.230823
v -0.215423 -0.696610 -0.113143
v -0.076282 -0.724961 -0.121058
v 0.042449 -0.774661 -0.132935
vn -0.0831 0.1806 0.9800
vn -0.2387 -0.0499 0.9698
vn -0.5699 -0.0054 0.8217
vn 0.4318 -0.1497 0.8895
vn -0.1115 0.2427 0.9637
vn 0.0457 0.5458 0.8367
vn 0.8888 -0.0299 0.4573
vn 0.4446 0.0756 0.8925
vn -0.7077 -0.1454 0.6914
vn 0.0625 0.7575 0.6498
vn 0.0805 -0.3906 0.9170
vn -0.8045 0.1870 0.5638
vn 0.0710 0.5614 0.8245
vn 0.1685 0.9017 0.3982
vn -0.4497 0.7161 0.5339
vn 0.7753 0.0230 0.6312
vn 0.7385 0.3629 0.5683
vn -0.1661 0.7815 0.6014
vn -0.4369 -0.8697 0.2298
vn 0.4091 -0.8330 0.3726
vn -0.7233 0.3897 0.5700
vn 0.4325 0.8815 0.1894
vn -0.2812 0.6235 0.7295
vn -0.6745 0.0599 0.7359
vn 0.8048 -0.4199 0.4194
vn -0.4166 0.8231 0.3860
vn 0.3845 -0.8094 0.4439
vn -0.2582 -0.9334 0.2491
vn 0.2387 -0.9637 0.1192
vn -0.1637 0.8271 0.5377
vn 0.2158 -0.9573 0.1924
vn -0.6213 0.7831 -0.0283
vn -0.3296 0.9065 -0.2640
vn -0.7536 0.5022 -0.4242
vn 0.8691 -0.4775 -0.1290
vn -0.4731 0.8807 0.0247
vn 0.4681 0.8424 -0.2669
vn -0.3683 -0.8880 -0.2754
vn 0.2393 -0.9688 -0.0641
vn 0.0677 -0.9928 -0.0990
vn 0.5350 0.6646 -0.5216
vn 0.5515 -0.7867 -0.2772
vn 0.8194 -0.0612 -0.5699
vn -0.0894 0.8693 -0.4862
vn 0.4673 0.8263 -0.3146
vn -0.1664 -0.9090 0.3821
vn -0.0755 -0.9238 -0.3754
vn -0.2232 -0.8016 -0.5546
vn -0.6022 -0.5485 0.5801
vn 0.0261 0.8879 -0.4594
vn -0.1636 0.6511 -0.7412
vn -0.6947 0.3258 -0.6413
vn -0.4056 -0.8598 -0.3102
vn -0.6276 0.5872 -0.5113
vn -0.5874 -0.0622 -0.8069
vn -0.2132 0.3843 -0.8982
vn 0.6822 -0.7136 -0.1596
vn 0.3366 0.5403 -0.7712
vn -0.5082 -0.2078 -0.8358
vn -0.2880 -0.9571 0.0317
vn 0.3702 0.0568 -0.9272
vn -0.0087 -0.3763 -0.9265
vn 0.4884 -0.2467 -0.8370
vn 0.1178 0.0439 0.9921
vn -0.1182 -0.1846 0.9757
vn -0.1153 -0.0035 0.9933
vn 0.1181 0.4263 0.8968
vn 0.4701 0.0295 0.8821
vn 0.3698 0.4970 0.7850
vn 0.3566 0.6208 0.6982
vn 0.2396 0.4263 0.8723
vn 0.7215 0.2369 0.6506
vn -0.1750 0.8126 0.5559
vn 0.2372 -0.5508 0.8002
vn 0.2069 -0.7208 0.6616
vn 0.3001 -0.5960 0.7448
vn -0.5335 -0.4530 0.7142
vn -0.4957 0.6179 0.6103
vn 0.3057 0.1987 0.9312
vn 0.3923 0.4625 0.7951
vn -0.1009 0.7785 0.6194
vn -0.2710 0.3350 0.9024
vn 0.6475 -0.7236 0.2391
vn 0.1504 -0.9833 0.1024
vn 0.3976 -0.8440 0.3599
vn -0.4952 -0.8675 0.0466
vn 0.1527 -0.8848 0.4403
vn -0.5418 0.8286 0.1409
vn 0.4686 0.8505 0.2387
vn -0.8822 0.4023 0.2446
vn -0.6987 -0.1372 0.7021
vn 0.4931 0.8354 0.2428
vn 0.5689 -0.5680 0.5948
vn -0.3443 0.7782 0.5253
vn -0.4297 0.8245 0.3681
vn -0.8920 0.3080 0.3307
vn -0.4488 -0.2425 0.8601
vn -0.5742 0.1275 0.8087
vn 0.0960 0.7751 0.6245
vn -0.3626 -0.9317 0.0215
vn 0.0226 -0.7889 0.6142
vn -0.4778 -0.8178 0.3209
vn -0.1900 -0.8258 0.5310
vn -0.9797 0.1741 0.0990
vn -0.3818 -0.8978 0.2195
vn -0.1118 -0.8663 0.4869
vn -0.2853 -0.9568 -0.0567
vn 0.2717 -0.7701 0.5771
vn -0.7585 0.2067 0.6180
vn -0.6976 0.7099 0.0973
vn 0.1531 -0.9609 0.2309
vn -0.4170 0.8513 0.3186
vn 0.7944 0.6012 0.0868
vn -0.9197 -0.3818 0.0913
vn -0.8925 -0.4154 -0.1756
vn -0.0335 -0.6194 0.7844
vn 0.6582 -0.7338 0.1682
vn -0.8067 0.4527 0.3799
vn 0.4212 0.7411 0.5228
vn -0.4697 -0.8439 -0.2591
vn -0.0119 0.8435 0.5369
vn 0.6900 0.4932 0.5297
vn -0.6378 0.7497 0.1768
vn 0.3516 -0.9273 0.1285
vn -0.2231 -0.9741 -0.0368
vn 0.1438 -0.9893 0.0261
vn -0.2051 0.9325 -0.2972
vn 0.2714 0.8479 -0.4554
vn -0.4011 -0.8970 -0.1856
vn -0.2369 -0.9343 0.2664
vn -0.7020 -0.7098 0.0576
vn 0.1402 0.4209 0.8962
vn 0.4792 0.8293 -0.2876
vn 0.5595 0.8286 0.0203
vn -0.5867 -0.8090 -0.0356
vn -0.2160 -0.8811 0.4207
vn -0.5349 0.3811 -0.7540
vn -0.8379 0.5438 -0.0462
vn -0.4627 0.8418 -0.2780
vn 0.7324 -0.2081 -0.6483
vn -0.3134 -0.9403 -0.1327
vn 0.2586 0.9629 0.0769
vn -0.7672 0.6294 -0.1235
vn 0.0011 -0.4160 -0.9094
vn 0.1856 -0.9462 -0.2649
vn -0.2638 -0.9070 -0.3283
vn 0.9619 -0.0314 -0.2715
vn -0.9935 0.1005 0.0526
vn 0.3709 -0.8113 -0.4519
vn -0.9931 -0.1172 -0.0074
vn 0.1091 -0.9881 -0.1081
vn 0.7312 0.5540 -0.3980
vn -0.1128 0.8956 -0.4304
vn 0.4990 0.1998 -0.8433
vn -0.9850 -0.1722 -0.0084
vn -0.8494 0.4637 -0.2519
vn 0.4070 -0.8673 -0.2866
vn 0.1722 -0.9279 -0.3307
vn 0.4670 -0.8801 -0.0856
vn 0.9606 0.0602 -0.2712
vn 0.3477 -0.9032 0.2517
vn -0.1860 0.9521 -0.2426
vn -0.0852 0.8696 -0.4863
vn 0.7253 0.5951 -0.3461
vn -0.5725 0.5857 0.5737
vn 0.0205 0.8967 -0.4421
vn -0.1619 -0.6718 -0.7228
vn -0.4184 -0.8093 -0.4122
vn -0.1116 0.8736 -0.4736
vn -0.2818 0.7772 -0.5626
vn 0.6620 -0.6452 -0.3816
vn -0.2751 -0.9613 -0.0181
vn -0.8465 -0.4700 -0.2500
vn 0.1039 -0.8667 -0.4879
vn 0.8967 0.1735 -0.4073
vn -0.8908 -0.1359 0.4336
vn 0.1621 -0.7448 -0.6473
vn -0.0337 0.8821 -0.4698
vn 0.2529 -0.5083 -0.8232
vn -0.2563 0.7966 -0.5475
vn 0.0571 0.9764 -0.2081
vn -0.5047 0.6970 -0.5095
vn 0.2743 -0.7958 -0.5399
vn -0.4573 -0.7235 -0.5172
vn -0.0664 -0.9977 -0.0131
vn -0.2183 0.8001 -0.5588
vn -0.5246 0.5975 -0.6065
vn -0.6835 0.5954 -0.4223
vn -0.1739 -0.5147 -0.8396
vn 0.5272 0.4901 -0.6941
vn -0.6674 -0.0506 -0.7430
vn -0.5671 0.0261 -0.8232
vn -0.2585 -0.9145 -0.3114
vn -0.7358 -0.5249 -0.4279
vn 0.0485 -0.2581 -0.9649
vn 0.1234 0.8273 -0.5480
vn 0.0534 0.7021 -0.7101
vn 0.8458 -0.0419 -0.5318
vn -0.6334 0.2584 -0.7294
vn -0.1094 0.6293 -0.7694
vn -0.4914 0.6404 -0.5903
vn 0.3375 0.6472 -0.6835
vn 0.5729 0.6848 -0.4503
vn 0.4278 0.9037 0.0158
vn -0.4646 0.3736 -0.8029
vn -0.5453 -0.2707 -0.7934
vn -0.5423 0.3132 -0.7796
vn 0.3151 -0.7397 -0.5946
vn 0.5092 0.4145 -0.7543
vn 0.0032 -0.6040 -0.7970
vn -0.1681 -0.2301 -0.9585
vn 0.2696 0.2012 -0.9417
vn -0.2860 -0.6181 -0.7322
vn -0.1382 -0.5346 -0.8338
vn 0.1405 -0.5145 -0.8459
vn 0.5441 -0.4802 -0.6880
vn -0.1380 -0.1339 -0.9813
vn -0.0722 -0.2778 -0.9579
vn 0.5268 -0.1889 -0.8287
vn 0.6419 -0.3606 -0.6767
vn -0.2358 0.0725 -0.9691
vn -0.0610 0.1049 -0.9926
vn 0.3021 -0.2844 -0.9099
vn 0.1269 -0.0829 -0.9885
vn -0.2538 -0.2965 -0.9207
vn -0.1010 0.6402 -0.7615
vn 0.2263 0.7914 -0.5678
vn 0.0648 0.9635 -0.2598
vn 0.7243 0.4813 -0.4938
vn 0.1774 0.6950 -0.6968
vn 0.6298 -0.3109 -0.7118
vn 0.5945 -0.0006 -0.8041
vn 0.0318 -0.9214 -0.3874
vn -0.9685 -0.2444 -0.0488
vn -0.6369 -0.3486 -0.6876
vn -0.2954 -0.5009 -0.8135
vn 0.0747 -0.7038 -0.7064
vn 0.2356 -0.9216 -0.3086
vn -0.5263 -0.6528 -0.5448
vn -0.2480 -0.9683 -0.0285
vn 0.0816 -0.9949 -0.0584
vn 0.1844 -0.9827 -0.0144
vn 0.5652 -0.8213 0.0781
vn -0.1251 -0.8852 -0.4480
vn -0.3745 -0.9263 0.0407
vn -0.5767 -0.8045 -0.1420
vn -0.4051 -0.8750 0.2652
vn -0.0569 -0.8193 -0.5705
vn -0.0145 -0.7185 -0.6954
vn -0.1224 -0.5962 -0.7934
vn 0.1175 -0.9240 -0.3640
vn 0.3300 -0.8339 -0.4423
vn 0.5653 -0.5300 -0.6320
vn 0.1111 -0.7504 -0.6516
vn -0.5469 -0.5210 -0.6553
vn -0.0648 -0.6533 -0.7543
vn -0.2973 -0.2574 -0.9195
vn 0.0582 0.3843 -0.9214
vn -0.0641 0.5982 -0.7988
vn -0.3273 0.2720 -0.9049
vn 0.0221 0.3232 -0.9461
vn -0.2366 0.7096 -0.6637
vn 0.3372 0.3940 -0.8551
vn -0.3255 0.5174 -0.7914
vn 0.2692 0.6801 -0.6819
vn 0.1032 0.7381 -0.6667
vn -0.0582 0.9509 -0.3039
vn 0.2857 0.7497 -0.5969
vn -0.4416 0.6663 -0.6009
vn -0.5480 0.7985 -0.2494
vn -0.4778 0.2677 -0.8367
vn -0.1401 -0.0328 -0.9896
vn 0.3439 0.4515 -0.8234
vn -0.4623 0.7114 -0.5293
vn -0.2496 0.7498 -0.6128
vn -0.2008 0.2058 -0.9578
vn -0.5985 0.4570 -0.6580
vn -0.3450 0.4339 -0.8323
vn -0.4705 0.5297 -0.7058
vn -0.4041 0.6197 -0.6728
vn -0.3925 -0.3815 -0.8369
vn -0.3152 0.2327 -0.9201
vn -0.6010 0.3183 -0.7332
vn -0.5668 0.6161 -0.5469
vn -0.7234 0.6226 -0.2983
vn -0.7384 0.6065 -0.2949
vn -0.7372 0.6394 -0.2183
vn -0.3233 0.9325 -0.1608
vn -0.5834 0.8091 0.0714
vn -0.2620 0.9441 0.2002
vn -0.8746 0.4033 0.2690
vn -0.8012 0.5637 0.2010
vn -0.6167 0.7587 -0.2099
vn -0.2367 0.7002 -0.6736
vn -0.1900 0.8793 -0.4368
vn -0.1577 0.8140 -0.5591
vn 0.1919 0.9336 -0.3027
vn 0.0370 0.9839 -0.1746
vn 0.4149 0.9012 0.1251
vn 0.5533 0.8239 -0.1227
vn 0.0953 0.9569 -0.2743
vn 0.0020 0.4887 -0.8725
vn 0.2291 0.8336 -0.5026
vn 0.3638 0.8551 -0.3694
vn 0.4000 0.6216 -0.6735
vn 0.1836 -0.8715 -0.4548
vn 0.4349 -0.8611 -0.2636
vn 0.7618 -0.4547 -0.4614
vn 0.5745 -0.5830 -0.5745
vn -0.2068 -0.9414 -0.2666
vn 0.1925 -0.9812 -0.0095
vn 0.2417 -0.9616 -0.1299
vn 0.2463 -0.9658 0.0809
vn -0.3631 -0.9316 -0.0184
vn -0.1433 -0.9256 -0.3503
vn 0.2815 -0.9571 0.0691
vn -0.1030 -0.9941 0.0335
vn 0.1320 -0.9907 0.0319
vn 0.3675 -0.8333 0.4129
vn -0.0564 -0.5600 0.8266
vn 0.5473 -0.0982 0.8311
vn 0.0292 0.8781 0.4776
vn 0.6311 0.6236 -0.4614
vn 0.1875 0.8466 0.4980
vn 0.1303 0.9316 -0.3393
vn 0.4613 0.8864 0.0389
vn -0.1603 0.9769 0.1413
vn -0.3049 0.5979 0.7413
vn 0.0654 0.8958 0.4397
vn 0.0894 0.7441 0.6621
vn -0.0082 0.9971 -0.0752
vn 0.2028 0.7452 0.6353
vn 0.6461 0.7349 0.2059
vn 0.4024 0.7554 0.5172
vn -0.2334 0.9203 0.3140
vn -0.0738 0.7281 0.6815
vn -0.2445 0.8482 0.4699
vn 0.5991 0.6938 0.3997
vn 0.0720 0.4593 0.8853
vn -0.4046 0.7643 0.5021
vn -0.2941 0.5591 -0.7752
vn -0.0780 0.8525 0.5169
vn -0.1618 0.9859 0.0425
vn -0.5720 0.7096 0.4115
vn -0.3786 0.3452 0.8588
vn -0.2362 0.6024 0.7625
vn 0.4364 0.7736 0.4595
vn 0.2301 0.9705 -0.0724
vn 0.3525 0.8384 0.4156
vn 0.2645 0.6430 0.7188
vn 0.0788 0.9926 0.0928
vn 0.1052 0.9943 -0.0148
vn 0.2209 0.9733 -0.0624
vn -0.0177 0.9971 0.0738
vn -0.3214 0.8152 0.4818
vn 0.0274 0.7760 0.6301
vn -0.2515 0.7895 0.5599
vn -0.0829 0.7165 0.6926
vn -0.2144 0.8420 0.4950
vn -0.4976 0.2865 0.8187
vn -0.2592 -0.2698 0.9274
vn 0.8330 -0.4806 0.2740
vn 0.1689 0.4992 0.8499
vn -0.0487 0.5069 0.8606
vn -0.3595 -0.0633 0.9310
vn -0.3562 -0.1988 0.9130
vn -0.0440 0.3961 0.9172
vn -0.1400 0.1188 0.9830
vn 0.0333 -0.7550 0.6548
vn -0.1498 -0.5215 0.8400
vn -0.3436 -0.9108 0.2288
vn -0.3638 -0.8974 0.2497
vn -0.2917 -0.9123 -0.2875
vn -0.7055 -0.6599 -0.2584
vn -0.5240 -0.8285 -0.1976
vn -0.5449 -0.3410 -0.7660
vn -0.4611 -0.4483 -0.7658
vn -0.7320 0.6807 0.0283
vn -0.2798 0.7622 0.5837
vn -0.3915 0.7042 0.5924
vn -0.3860 0.7034 0.5969
vn -0.1241 0.9262 0.3561
vn 0.0371 0.9905 0.1321
vn -0.7698 0.2805 0.5734
vn -0.6565 -0.3711 0.6567
vn -0.3085 0.0397 0.9504
vn -0.7672 -0.2761 0.5789
vn -0.8720 -0.3886 0.2978
vn 0.0585 -0.5146 0.8555
vn -0.6700 -0.4764 0.5694
vn -0.5886 -0.2867 0.7559
vn -0.4190 -0.0471 0.9068
vn -0.1156 -0.5156 0.8490
vn -0.1810 -0.1388 0.9736
vn -0.0867 -0.4831 0.8713
vn -0.3054 0.4232 0.8530
vn -0.3394 -0.1239 0.9325
vn -0.4308 -0.4774 0.7659
vn -0.3866 -0.7587 0.5243
vn 0.0809 -0.6104 0.7880
vn 0.0325 -0.8578 0.5130
vn -0.2132 -0.8357 0.5062
vn 0.2418 0.3544 0.9033
vn 0.3645 -0.1863 0.9124
vn 0.2373 -0.2602 0.9359
vn 0.0368 -0.4097 0.9115
vn -0.5953 -0.6153 0.5167
vn -0.7499 -0.2462 0.6140
vn -0.8074 -0.1526 0.5699
vn -0.3485 0.1383 0.9270
vn -0.9742 -0.2017 0.1016
vn -0.7178 -0.2149 0.6623
vn -0.3328 0.6914 0.6413
vn -0.2913 0.3495 0.8905
vn -0.9285 -0.3547 -0.1099
vn -0.7764 0.4156 0.4738
vn -0.5481 0.3502 0.7596
vn -0.8403 -0.0201 0.5418
vn -0.9949 0.0300 -0.0961
vn -0.9879 0.1487 0.0433
vn -0.8250 0.4880 0.2851
vn -0.9821 -0.1842 0.0380
vn -0.8198 -0.5022 0.2752
vn -0.4146 -0.8438 0.3408
vn -0.6470 -0.7425 0.1733
vn -0.2887 -0.8873 0.3596
vn -0.1494 -0.9864 0.0690
vn -0.6969 -0.6825 -0.2203
vn -0.3578 -0.8834 -0.3026
vn -0.2404 -0.9547 -0.1753
vn -0.4221 -0.8142 -0.3987
vn -0.8434 -0.4543 -0.2868
vn -0.6884 -0.6715 -0.2743
vn -0.9949 0.0726 0.0705
vn -0.6935 -0.4205 -0.5850
vn -0.7222 0.6610 -0.2038
vn -0.7974 0.4077 0.4449
vn -0.6258 0.2735 0.7304
vn -0.7280 0.3213 0.6056
vn -0.8006 0.3970 0.4487
vn -0.8584 0.4504 0.2457
vn -0.9390 0.2784 0.2018
vn -0.9308 0.3269 -0.1635
vn -0.7805 -0.5311 0.3299
vn -0.8448 -0.5344 0.0270
vn -0.8926 0.2734 -0.3584
vn -0.9399 -0.3395 0.0357
vn -0.9191 -0.3655 -0.1471
vn -0.9637 -0.2666 0.0127
vn -0.8659 -0.1792 -0.4670
vn -0.8472 0.1400 -0.5125
vn -0.9633 -0.1939 0.1855
vn -0.7767 0.5570 -0.2940
vn -0.4579 -0.8183 -0.3475
vn -0.7199 -0.4719 -0.5090
vn -0.5946 -0.3961 -0.6997
vn -0.9875 -0.1547 0.0306
vn -0.8619 0.4462 0.2410
vn -0.4751 -0.7744 -0.4178
vn -0.8767 -0.1479 -0.4578
vn -0.9133 -0.0024 -0.4073
vn -0.9752 -0.1577 0.1554
vn -0.7068 -0.4280 0.5632
vn -0.9127 -0.3526 0.2066
vn -0.5318 -0.8409 0.1005
vn -0.8190 -0.5450 -0.1794
vn -0.8506 -0.4125 -0.3262
vn -0.8748 -0.4378 0.2077
vn -0.9323 -0.3063 0.1923
vn -0.4605 -0.6458 -0.6091
vn -0.3904 -0.0184 -0.9205
vn -0.8108 -0.1795 -0.5571
vn -0.5902 -0.7712 -0.2387
vn -0.0788 -0.7027 -0.7071
vn -0.3429 -0.6441 -0.6838
vn -0.6279 -0.7456 -0.2231
vn 0.1497 -0.6874 -0.7107
vn 0.1502 -0.9371 -0.3151
vn -0.1786 -0.8836 -0.4329
vn 0.3534 -0.6225 -0.6982
vn -0.4134 -0.8741 0.2550
vn -0.2629 -0.9013 0.3442
vn 0.0470 -0.7990 0.5995
vn -0.2127 -0.9374 -0.2758
vn -0.7018 -0.7097 0.0620
vn -0.4361 -0.6733 0.5971
vn 0.5769 -0.4564 0.6774
vn 0.3736 -0.8183 0.4368
vn 0.0859 0.0413 0.9954
vn 0.2690 -0.3074 0.9128
vn 0.5776 0.0171 0.8162
vn 0.1408 0.9743 -0.1756
vn 0.0987 0.9947 -0.0301
vn 0.2868 0.9560 0.0618
vn -0.3640 0.7386 -0.5674
vn -0.8715 0.4323 -0.2315
vn -0.5827 0.4030 -0.7058
vn 0.1377 0.9619 -0.2360
vn -0.0884 0.7626 0.6409
vn -0.2343 0.6803 0.6945
vn 0.1168 0.9710 -0.2085
vn 0.4426 0.8475 0.2928
vn 0.3592 0.7939 -0.4907
vn 0.6366 0.7056 -0.3111
vn 0.1679 0.9140 -0.3693
vn -0.2563 0.6064 -0.7527
vn 0.1891 0.1086 -0.9759
vn -0.1214 0.3680 -0.9219
vn 0.1312 0.3746 -0.9178
vn 0.3585 0.9321 -0.0509
vn 0.7577 0.6105 -0.2306
vn 0.7819 0.1679 -0.6004
vn 0.6513 0.5011 -0.5699
vn 0.2700 0.6300 -0.7282
vn 0.7417 0.3448 -0.5753
vn 0.8132 0.5337 -0.2321
vn 0.7267 0.5979 -0.3383
vn 0.7093 0.3714 -0.5991
vn 0.6237 -0.1077 -0.7742
vn 0.3399 -0.6002 -0.7240
vn 0.2611 -0.4143 -0.8719
vn 0.6024 -0.7982 0.0003
vn 0.5018 -0.7971 0.3358
vn 0.2492 -0.9419 -0.2250
vn 0.1864 -0.9810 -0.0530
vn 0.5720 -0.5671 0.5926
vn -0.0181 -0.9897 0.1423
vn 0.4990 -0.6897 0.5247
vn 0.2086 -0.8631 0.4599
vn -0.0858 -0.9061 0.4143
vn 0.3892 0.7749 0.4981
vn -0.1548 0.9405 0.3024
vn 0.3597 0.8621 0.3571
vn -0.3142 0.8277 0.4650
vn 0.0020 0.9890 0.1477
vn -0.3793 0.8318 0.4053
vn -0.3535 0.9190 0.1746
vn 0.6107 0.5453 0.5742
vn 0.3156 0.4466 0.8373
vn 0.4672 0.8666 0.1753
vn 0.9468 0.2906 -0.1380
vn 0.5997 0.5770 -0.5545
vn -0.5267 0.8447 0.0952
vn 0.5891 0.7993 -0.1183
vn 0.7108 0.6666 -0.2245
vn 0.6879 0.6468 0.3294
vn 0.9522 0.1788 0.2476
vn 0.9566 0.2816 -0.0752
vn 0.9785 -0.1953 -0.0657
vn -0.1949 -0.7541 -0.6272
vn 0.6383 -0.7694 -0.0242
vn 0.9145 -0.3926 -0.0981
vn 0.9527 -0.0558 -0.2987
vn 0.4227 -0.1228 -0.8979
vn 0.4242 -0.4311 -0.7963
vn 0.6028 -0.7964 0.0481
vn 0.4682 -0.4153 -0.7800
vn 0.6017 -0.4256 -0.6758
vn -0.0924 -0.5532 -0.8279
vn -0.4053 -0.5016 -0.7642
vn -0.3048 -0.8895 -0.3404
vn 0.1956 -0.9806 0.0128
vn 0.4202 -0.5595 -0.7144
vn 0.6299 -0.4627 -0.6238
vn 0.6723 0.1566 -0.7235
vn 0.9672 -0.1944 -0.1637
vn 0.6156 0.0764 -0.7843
vn 0.2799 0.1522 -0.9479
vn 0.0416 -0.6112 -0.7904
vn 0.3332 -0.1762 -0.9263
vn 0.1797 0.1506 -0.9721
vn 0.0282 -0.2244 -0.9741
vn -0.0890 -0.1222 -0.9885
vn 0.7970 -0.5413 -0.2679
vn 0.7754 -0.6314 -0.0077
vn 0.4427 -0.8501 0.2850
vn 0.9765 -0.1407 0.1635
vn 0.4613 0.5976 0.6558
vn 0.2807 -0.7635 0.5817
vn 0.3296 -0.7314 0.5970
vn 0.6039 -0.3760 0.7028
vn 0.3539 0.0080 0.9353
vn 0.6710 -0.2391 0.7018
vn 0.2687 -0.8726 0.4078
vn 0.2788 -0.1471 0.9490
vn 0.9379 0.2360 0.2542
vn 0.9113 0.4006 -0.0953
vn 0.8694 0.0048 -0.4941
vn 0.6656 -0.7043 0.2469
vn 0.8806 -0.3477 -0.3218
vn 0.6411 -0.3236 0.6959
vn 0.2133 -0.0579 0.9753
vn 0.2572 0.0461 0.9652
vn -0.1833 0.1483 0.9718
vn 0.9031 0.1318 0.4087
vn 0.8318 0.3266 0.4489
vn 0.8414 -0.5055 0.1912
vn 0.7654 -0.6410 0.0575
vn 0.6893 -0.3730 -0.6210
vn 0.9714 -0.1036 -0.2135
vn 0.7059 -0.6366 -0.3104
vn 0.9704 -0.1866 0.1530
vn 0.3072 -0.8414 -0.4447
vn 0.4292 -0.6332 -0.6440
vn 0.3978 -0.9124 -0.0963
vn 0.8161 0.3535 0.4571
vn 0.9811 -0.0359 0.1903
vn 0.7548 0.3529 0.5530
vn 0.8436 0.1263 0.5218
vn 0.9929 0.1088 0.0483
vn 0.6873 0.2372 0.6865
vn 0.3992 0.6496 0.6470
vn 0.7722 0.3508 0.5298
vn 0.5854 -0.0621 0.8084
vn 0.6896 -0.4111 0.5962
vn 0.8549 0.5019 0.1311
vn 0.4104 -0.3128 0.8566
vn 0.3008 0.2674 0.9154
vn 0.6594 0.7437 0.1099
vn 0.9716 0.2193 0.0889
vn 0.9950 -0.0970 0.0255
vn 0.9369 -0.1038 0.3337
vn 0.8383 0.2588 0.4798
vn 0.5105 0.6749 0.5328
vn 0.9162 0.3416 0.2096
vn 0.8569 -0.0033 0.5155
vn 0.8441 0.1578 0.5125
vn 0.5742 -0.5524 0.6043
vn 0.7268 0.3118 0.6119
vn 0.9489 0.1722 0.2644
vn -0.1658 -0.7798 0.6037
vn 0.7221 -0.4363 0.5368
vn 0.4825 -0.8712 0.0907
vn 0.2445 -0.9665 0.0776
vn 0.1733 -0.8054 -0.5669
vn 0.6414 -0.7186 -0.2689
vn -0.1048 -0.8866 0.4505
vn 0.1108 -0.7586 0.6421
vn 0.2385 -0.9277 0.2873
vn -0.0802 -0.9959 -0.0428
vn 0.4230 -0.4915 0.7612
vn -0.2928 -0.4849 0.8241
vn -0.1923 -0.9781 -0.0794
vn 0.0749 -0.5352 -0.8414
vn -0.3096 -0.4704 -0.8263
vn -0.0745 -0.9107 -0.4063
vt 0.049654 0.637538
vt 0.116204 0.644435
vt 0.044587 0.657015
vt 0.048109 0.687651
vt 0.337063 0.187971
vt 0.371885 0.182749
vt 0.362279 0.191648
vt 0.409863 0.115864
vt 0.389631 0.134143
vt 0.357858 0.105409
vt 0.328303 0.630369
vt 0.416655 0.631261
vt 0.392623 0.664021
vt 0.323953 0.154004
vt 0.298610 0.107505
vt 0.517819 0.151575
vt 0.473801 0.116428
vt 0.510989 0.097411
vt 0.382009 0.072003
vt 0.417754 0.102670
vt 0.533680 0.445536
vt 0.550485 0.414895
vt 0.588838 0.457639
vt 0.552105 0.491582
vt 0.152542 0.591488
vt 0.156346 0.633305
vt 0.709399 0.620259
vt 0.649350 0.623298
vt 0.680228 0.602418
vt 0.471921 0.064597
vt 0.451604 0.064267
vt 0.449080 0.052041
vt 0.445333 0.029841
vt 0.474152 0.012062
vt 0.435610 0.532873
vt 0.479182 0.506837
vt 0.492207 0.539731
vt 0.568335 0.915947
vt 0.573775 0.956246
vt 0.539708 0.954893
vt 0.594406 0.258985
vt 0.561752 0.242889
vt 0.590188 0.239527
vt 0.672658 0.240963
vt 0.696622 0.243624
vt 0.665416 0.264050
vt 0.951707 0.939281
vt 0.970661 0.927675
vt 0.971289 0.948852
vt 0.495110 0.575431
vt 0.466915 0.566236
vt 0.918209 0.902100
vt 0.918681 0.937612
vt 0.869444 0.917162
vt 0.549268 0.251663
vt 0.539869 0.326720
vt 0.522590 0.261919
vt 0.695728 0.313425
vt 0.671003 0.284549
vt 0.728246 0.285926
vt 0.198351 0.558969
vt 0.239953 0.519316
vt 0.255579 0.548632
vt 0.065409 0.369871
vt 0.108136 0.371466
vt 0.075537 0.397305
vt 0.093764 0.285367
vt 0.069228 0.279362
vt 0.098545 0.259643
vt 0.779209 0.543915
vt 0.747530 0.584469
vt 0.721473 0.542226
vt 0.292460 0.577286
vt 0.265810 0.580140
vt 0.306553 0.556655
vt 0.124468 0.109595
vt 0.109475 0.143022
vt 0.072160 0.107164
vt 0.772776 0.851742
vt 0.808373 0.817844
vt 0.819165 0.802870
vt 0.286516 0.412141
vt 0.308386 0.465250
vt 0.262318 0.442168
vt 0.097271 0.240874
vt 0.086254 0.222734
vt 0.119612 0.188192
vt 0.746052 0.517628
vt 0.712896 0.504499
vt 0.739408 0.466942
vt 0.216476 0.620545
vt 0.249695 0.665160
vt 0.180338 0.665592
vt 0.763996 0.778431
vt 0.767637 0.748795
vt 0.777871 0.782407
vt 0.336017 0.524930
vt 0.353282 0.557758
vt 0.323292 0.546838
vt 0.300340 0.520270
vt 0.128396 0.384448
vt 0.165499 0.351678
vt 0.172296 0.389943
vt 0.140654 0.148032
vt 0.164618 0.167859
vt 0.126550 0.162251
vt 0.844450 0.263427
vt 0.865153 0.275838
vt 0.817586 0.296632
vt 0.802379 0.256760
vt 0.173843 0.221591
vt 0.142588 0.181948
vt 0.170707 0.185956
vt 0.145013 0.021111
vt 0.126256 0.018592
vt 0.158576 0.003407
vt 0.197864 0.411163
vt 0.166444 0.418029
vt 0.202981 0.390036
vt 0.352714 0.207726
vt 0.371764 0.197616
vt 0.384862 0.249198
vt 0.385828 0.528457
vt 0.340199 0.477468
vt 0.459374 0.206501
vt 0.410917 0.247294
vt 0.437517 0.196460
vt 0.148657 0.760195
vt 0.105826 0.759149
vt 0.128757 0.728883
vt 0.121211 0.709663
vt 0.335327 0.296839
vt 0.306889 0.314385
vt 0.307021 0.296008
vt 0.466769 0.239041
vt 0.410566 0.275782
vt 0.654667 0.841765
vt 0.694780 0.840279
vt 0.689119 0.860528
vt 0.566443 0.782439
vt 0.579216 0.811357
vt 0.541116 0.812487
vt 0.368466 0.320245
vt 0.315895 0.337995
vt 0.327058 0.320098
vt 0.433077 0.326944
vt 0.391626 0.280254
vt 0.741062 0.102115
vt 0.718162 0.085452
vt 0.752703 0.073857
vt 0.246599 0.224397
vt 0.253403 0.218900
vt 0.262247 0.227788
vt 0.485716 0.749037
vt 0.545653 0.778013
vt 0.458902 0.783100
vt 0.358241 0.395452
vt 0.386247 0.394735
vt 0.698508 0.027310
vt 0.638711 0.040783
vt 0.634561 0.021138
vt 0.811411 0.622746
vt 0.807180 0.594670
vt 0.847984 0.565861
vt 0.640401 0.173587
vt 0.621077 0.168171
vt 0.624482 0.145403
vt 0.636916 0.087156
vt 0.607044 0.068062
vt 0.589608 0.094843
vt 0.889701 0.634763
vt 0.891619 0.590744
vt 0.900382 0.613800
vt 0.810577 0.642244
vt 0.843673 0.651028
vt 0.215696 0.310990
vt 0.222515 0.247571
vt 0.261315 0.260757
vt 0.495467 0.820901
vt 0.458090 0.836510
vt 0.620625 0.017906
vt 0.202156 0.050252
vt 0.184927 0.015566
vt 0.205249 0.034453
vt 0.711173 0.045604
vt 0.418320 0.526560
vt 0.394905 0.479570
vt 0.971454 0.072567
vt 0.937547 0.041667
vt 0.960000 0.037824
vt 0.963743 0.100528
vt 0.940100 0.073526
vt 0.930375 0.099847
vt 0.913296 0.092046
vt 0.906715 0.072018
vt 0.929140 0.013725
vt 0.777530 0.060121
vt 0.770538 0.077675
vt 0.923902 0.046915
vt 0.894027 0.460119
vt 0.881852 0.443025
vt 0.902879 0.413310
vt 0.898634 0.054803
vt 0.906811 0.038637
vt 0.899144 0.005310
vt 0.921811 0.491248
vt 0.895217 0.476136
vt 0.936707 0.470108
vt 0.895554 0.025013
vt 0.897771 0.505467
vt 0.881041 0.471387
vt 0.757541 0.132193
vt 0.756060 0.111772
vt 0.658775 0.068215
vt 0.690128 0.137175
vt 0.919879 0.375716
vt 0.925720 0.414024
vt 0.903263 0.383049
vt 0.883468 0.397853
vt 0.880485 0.372752
vt 0.885817 0.360372
vt 0.774815 0.181702
vt 0.796335 0.181406
vt 0.795196 0.206498
vt 0.757213 0.152358
vt 0.729192 0.183232
vt 0.756753 0.216007
vt 0.716526 0.148542
vt 0.661284 0.120647
vt 0.586092 0.120561
vt 0.553241 0.083871
vt 0.827071 0.683971
vt 0.810715 0.702181
vt 0.801900 0.683788
vt 0.349774 0.834718
vt 0.332528 0.845047
vt 0.302581 0.808979
vt 0.404852 0.836940
vt 0.495753 0.249945
vt 0.500512 0.241295
vt 0.455635 0.285099
vt 0.401932 0.759524
vt 0.387169 0.762309
vt 0.386971 0.727539
vt 0.368797 0.751295
vt 0.381821 0.787715
vt 0.418558 0.789415
vt 0.374935 0.819977
vt 0.446127 0.771597
vt 0.447043 0.801261
vt 0.346756 0.795513
vt 0.349777 0.728490
vt 0.333773 0.773495
vt 0.329008 0.714637
vt 0.374268 0.708241
vt 0.582715 0.213405
vt 0.574017 0.192453
vt 0.583985 0.173182
vt 0.622677 0.193646
vt 0.619560 0.230108
vt 0.301608 0.730872
vt 0.295865 0.773435
vt 0.606879 0.173729
vt 0.884142 0.663950
vt 0.847333 0.683611
vt 0.432532 0.384998
vt 0.411143 0.341247
vt 0.404160 0.314767
vt 0.329329 0.264780
vt 0.362632 0.259229
vt 0.327662 0.238493
vt 0.332465 0.213124
vt 0.645824 0.368203
vt 0.639116 0.406181
vt 0.610087 0.385414
vt 0.653921 0.765347
vt 0.637700 0.759092
vt 0.663385 0.748236
vt 0.683638 0.758421
vt 0.645327 0.786392
vt 0.403082 0.208466
vt 0.201645 0.426263
vt 0.192333 0.439662
vt 0.482562 0.197771
vt 0.494536 0.219627
vt 0.476606 0.211771
vt 0.198197 0.350309
vt 0.237462 0.339069
vt 0.209812 0.220802
vt 0.188313 0.270141
vt 0.140084 0.211560
vt 0.165426 0.135443
vt 0.185660 0.158162
vt 0.224823 0.187920
vt 0.205815 0.183104
vt 0.470167 0.845066
vt 0.740900 0.013333
vt 0.379378 0.580450
vt 0.399168 0.553438
vt 0.788965 0.257079
vt 0.783067 0.273078
vt 0.796647 0.298829
vt 0.060710 0.386640
vt 0.070228 0.418224
vt 0.054544 0.402747
vt 0.365039 0.583784
vt 0.254329 0.478121
vt 0.285813 0.492330
vt 0.209373 0.488826
vt 0.226735 0.452867
vt 0.239953 0.439277
vt 0.747564 0.625003
vt 0.719831 0.636353
vt 0.740425 0.608533
vt 0.766179 0.614703
vt 0.766426 0.651133
vt 0.734226 0.647532
vt 0.750641 0.681396
vt 0.720586 0.667567
vt 0.781911 0.672710
vt 0.754182 0.691786
vt 0.844794 0.868974
vt 0.899848 0.862115
vt 0.597645 0.421924
vt 0.628141 0.435317
vt 0.349354 0.593832
vt 0.302301 0.594461
vt 0.327204 0.575532
vt 0.372580 0.663088
vt 0.334968 0.656718
vt 0.322923 0.669906
vt 0.317906 0.668506
vt 0.292166 0.057257
vt 0.273935 0.071427
vt 0.250400 0.065027
vt 0.218125 0.080097
vt 0.246992 0.041043
vt 0.105559 0.823072
vt 0.131401 0.791158
vt 0.144263 0.801019
vt 0.090174 0.184834
vt 0.076511 0.147179
vt 0.134176 0.865640
vt 0.170531 0.822121
vt 0.167411 0.883472
vt 0.201208 0.831931
vt 0.175164 0.802819
vt 0.205714 0.793302
vt 0.235016 0.853066
vt 0.223177 0.876224
vt 0.278871 0.032225
vt 0.319199 0.066882
vt 0.057123 0.250302
vt 0.006284 0.294093
vt 0.029572 0.259854
vt 0.045132 0.315812
vt 0.545373 0.919551
vt 0.593809 0.919399
vt 0.420561 0.029295
vt 0.353339 0.066605
vt 0.572456 0.884182
vt 0.600643 0.905933
vt 0.498176 0.947206
vt 0.505904 0.930093
vt 0.481182 0.896631
vt 0.523545 0.904729
vt 0.540681 0.857669
vt 0.401886 0.027208
vt 0.413661 0.019339
vt 0.567683 0.854262
vt 0.551587 0.835263
vt 0.516393 0.876751
vt 0.107023 0.314681
vt 0.493326 0.849800
vt 0.475747 0.867647
vt 0.516812 0.834751
vt 0.493251 0.161663
vt 0.446335 0.138909
vt 0.421437 0.165471
vt 0.439374 0.111363
vt 0.372617 0.157752
vt 0.299575 0.638302
vt 0.017629 0.664755
vt 0.024797 0.640455
vt 0.025220 0.625429
vt 0.044457 0.616531
vt 0.950738 0.823478
vt 0.940707 0.848871
vt 0.944212 0.819412
vt 0.240545 0.730685
vt 0.203723 0.718911
vt 0.227564 0.686926
vt 0.171848 0.700551
vt 0.151482 0.680726
vt 0.151186 0.664786
vt 0.774454 0.233379
vt 0.790620 0.231154
vt 0.667302 0.206542
vt 0.652325 0.226688
vt 0.322654 0.402167
vt 0.301582 0.344239
vt 0.306952 0.386153
vt 0.637531 0.309691
vt 0.604974 0.331158
vt 0.635316 0.271709
vt 0.296896 0.028138
vt 0.316575 0.026677
vt 0.321250 0.039731
vt 0.314424 0.014516
vt 0.323346 0.007853
vt 0.508124 0.038098
vt 0.507365 0.020900
vt 0.519426 0.022090
vt 0.520863 0.068188
vt 0.457938 0.099194
vt 0.530440 0.038327
vt 0.550114 0.046377
vt 0.547606 0.056915
vt 0.993576 0.927169
vt 0.994879 0.945316
vt 0.005752 0.207052
vt 0.023533 0.203828
vt 0.006679 0.225405
vt 0.028563 0.243240
vt 0.015364 0.251781
vt 0.522927 0.121354
vt 0.527223 0.080744
vt 0.711843 0.669564
vt 0.729851 0.712746
vt 0.712432 0.720080
vt 0.089795 0.448228
vt 0.051217 0.462446
vt 0.024664 0.466339
vt 0.076022 0.478884
vt 0.040582 0.500229
vt 0.453742 0.165147
vt 0.002303 0.529149
vt 0.013402 0.538244
vt 0.019487 0.579546
vt 0.143539 0.573013
vt 0.161088 0.519357
vt 0.143867 0.540048
vt 0.110557 0.544385
vt 0.103609 0.606646
vt 0.081211 0.550557
vt 0.051454 0.555081
vt 0.070095 0.522748
vt 0.045525 0.530187
vt 0.013282 0.497293
vt 0.056144 0.589805
vt 0.024498 0.561235
vt 0.138806 0.502198
vt 0.144498 0.484305
vt 0.691298 0.642144
vt 0.709720 0.647783
vt 0.679421 0.674785
vt 0.611487 0.678216
vt 0.980463 0.978508
vt 0.951972 0.970111
vt 0.020474 0.181096
vt 0.935528 0.937987
vt 0.044756 0.192303
vt 0.051821 0.220679
vt 0.062820 0.175189
vt 0.667270 0.689563
vt 0.631209 0.689486
vt 0.929704 0.963964
vt 0.019421 0.130769
vt 0.045758 0.146530
vt 0.019695 0.152750
vt 0.936134 0.991931
vt 0.922019 0.973339
vt 0.579183 0.707697
vt 0.564387 0.649679
vt 0.540948 0.654921
vt 0.543801 0.616149
vt 0.594913 0.602551
vt 0.598426 0.626575
vt 0.610486 0.611188
vt 0.263146 0.686892
vt 0.279500 0.670264
vt 0.591648 0.587425
vt 0.183542 0.745632
vt 0.145074 0.034081
vt 0.168278 0.044510
vt 0.137262 0.047647
vt 0.155303 0.024684
vt 0.175906 0.020315
vt 0.150121 0.732998
vt 0.139330 0.777384
vt 0.171216 0.768098
vt 0.858162 0.744869
vt 0.835774 0.724274
vt 0.840895 0.706549
vt 0.589500 0.368695
vt 0.583732 0.383957
vt 0.580045 0.351242
vt 0.588194 0.317979
vt 0.610995 0.294019
vt 0.595674 0.276331
vt 0.611966 0.273727
vt 0.590744 0.290874
vt 0.583122 0.276654
vt 0.588266 0.303107
vt 0.568948 0.281007
vt 0.562032 0.371387
vt 0.561764 0.311630
vt 0.494465 0.288898
vt 0.505956 0.257183
vt 0.552501 0.695737
vt 0.538753 0.630149
vt 0.228894 0.769504
vt 0.270326 0.761292
vt 0.242527 0.784796
vt 0.181649 0.772542
vt 0.855345 0.775153
vt 0.861758 0.779611
vt 0.284702 0.368067
vt 0.297192 0.309672
vt 0.299770 0.249116
vt 0.296581 0.280587
vt 0.281628 0.254332
vt 0.513269 0.309969
vt 0.487174 0.308511
vt 0.476076 0.300934
vt 0.288059 0.355245
vt 0.547357 0.390833
vt 0.522802 0.335813
vt 0.508068 0.325135
vt 0.830910 0.833730
vt 0.846570 0.814870
vt 0.842294 0.841747
vt 0.825366 0.798201
vt 0.838339 0.775649
vt 0.802424 0.722441
vt 0.764284 0.718275
vt 0.765116 0.700458
vt 0.794828 0.705476
vt 0.705891 0.771612
vt 0.727206 0.783615
vt 0.720691 0.826514
vt 0.775163 0.811215
vt 0.745861 0.815507
vt 0.718809 0.736314
vt 0.731671 0.751006
vt 0.825884 0.736668
vt 0.822912 0.757981
vt 0.737952 0.712871
vt 0.750755 0.776963
vt 0.805768 0.799298
vt 0.790633 0.754022
vt 0.909065 0.355032
vt 0.896714 0.329881
vt 0.926618 0.324738
vt 0.698117 0.191878
vt 0.669635 0.224508
vt 0.351708 0.407939
vt 0.911626 0.257191
vt 0.891885 0.264426
vt 0.881192 0.262970
vt 0.866466 0.307845
vt 0.889239 0.269749
vt 0.887791 0.299895
vt 0.912746 0.305488
vt 0.406224 0.427057
vt 0.387391 0.413328
vt 0.410994 0.418342
vt 0.320978 0.422588
vt 0.897311 0.282900
vt 0.917057 0.277165
vt 0.944942 0.298300
vt 0.945332 0.321827
vt 0.959908 0.303479
vt 0.939675 0.266181
vt 0.260051 0.714545
vt 0.383424 0.878918
vt 0.383912 0.914804
vt 0.366976 0.902344
vt 0.641821 0.616956
vt 0.413314 0.945413
vt 0.430028 0.924513
vt 0.438675 0.938354
vt 0.385565 0.935596
vt 0.413457 0.905269
vt 0.443477 0.879013
vt 0.408268 0.863434
vt 0.267912 0.742011
vt 0.101191 0.505535
vt 0.120125 0.513528
vt 0.114229 0.453821
vt 0.114881 0.479356
vt 0.298743 0.007380
vt 0.669620 0.333044
vt 0.129458 0.267678
vt 0.168485 0.302335
vt 0.138435 0.337977
vt 0.134411 0.294250
vt 0.153393 0.440483
vt 0.120251 0.420286
vt 0.731068 0.346747
vt 0.679026 0.718355
vt 0.707098 0.352869
vt 0.672987 0.349644
vt 0.643771 0.716626
vt 0.627772 0.737671
vt 0.612712 0.709998
vt 0.655574 0.732631
vt 0.186541 0.372026
vt 0.212798 0.367722
vt 0.727541 0.256070
vt 0.751738 0.279820
vt 0.716345 0.238296
vt 0.186584 0.869460
vt 0.218013 0.903909
vt 0.003880 0.259231
vt 0.147543 0.122761
vt 0.183531 0.129324
vt 0.210486 0.160540
vt 0.983882 0.609640
vt 0.993007 0.620424
vt 0.974301 0.636528
vt 0.942665 0.626078
vt 0.966027 0.615750
vt 0.799106 0.619213
vt 0.468715 0.756007
vt 0.460465 0.763969
vt 0.953484 0.643564
vt 0.227353 0.169550
vt 0.230582 0.146743
vt 0.236782 0.169709
vt 0.491888 0.721724
vt 0.508039 0.731014
vt 0.918487 0.770138
vt 0.892766 0.749184
vt 0.919233 0.751136
vt 0.925632 0.707347
vt 0.911929 0.729481
vt 0.893636 0.710769
vt 0.947271 0.747343
vt 0.937676 0.726780
vt 0.893368 0.728765
vt 0.158903 0.082048
vt 0.117045 0.059700
vt 0.131628 0.050287
vt 0.534142 0.711381
vt 0.617728 0.834806
vt 0.634313 0.850903
vt 0.616921 0.856843
vt 0.884785 0.536494
vt 0.896963 0.543615
vt 0.878649 0.549412
vt 0.659410 0.889458
vt 0.626562 0.879309
vt 0.689829 0.904056
vt 0.703293 0.944298
vt 0.657615 0.939494
vt 0.844069 0.400444
vt 0.768697 0.347266
vt 0.794053 0.330283
vt 0.039263 0.397700
vt 0.011072 0.391590
vt 0.035819 0.375768
vt 0.024534 0.416363
vt 0.044575 0.420658
vt 0.018906 0.437763
vt 0.003265 0.410167
vt 0.863162 0.844916
vt 0.894382 0.847096
vt 0.626521 0.453861
vt 0.617529 0.487931
vt 0.517947 0.422382
vt 0.524649 0.402754
vt 0.074759 0.704137
vt 0.043449 0.697977
vt 0.482283 0.706551
vt 0.442797 0.698759
vt 0.458958 0.668540
vt 0.040919 0.105059
vt 0.037205 0.122820
vt 0.228809 0.923497
vt 0.227127 0.949502
vt 0.208670 0.947174
vt 0.195889 0.976176
vt 0.167885 0.973663
vt 0.165178 0.946275
vt 0.213958 0.982545
vt 0.226148 0.967139
vt 0.231356 0.988270
vt 0.247988 0.952943
vt 0.144621 0.896313
vt 0.146500 0.912213
vt 0.118976 0.896686
vt 0.097466 0.860603
vt 0.167033 0.106881
vt 0.190243 0.096608
vt 0.800582 0.586442
vt 0.812116 0.563044
vt 0.799768 0.524065
vt 0.865628 0.705435
vt 0.861856 0.731930
vt 0.691034 0.878337
vt 0.395462 0.592992
vt 0.604979 0.840623
vt 0.562239 0.831491
vt 0.060386 0.789869
vt 0.074559 0.765804
vt 0.086221 0.792133
vt 0.734852 0.933869
vt 0.773596 0.932860
vt 0.740753 0.945603
vt 0.083081 0.842533
vt 0.054471 0.818248
vt 0.042256 0.758947
vt 0.715723 0.882977
vt 0.702208 0.868252
vt 0.048979 0.871172
vt 0.075036 0.876315
vt 0.019444 0.743469
vt 0.028759 0.788518
vt 0.747791 0.873371
vt 0.727496 0.869188
vt 0.721192 0.848891
vt 0.703981 0.846230
vt 0.027258 0.832835
vt 0.034498 0.803224
vt 0.004679 0.813067
vt 0.001669 0.833782
vt 0.723889 0.909923
vt 0.770405 0.911594
vt 0.726208 0.441853
vt 0.719651 0.415662
vt 0.737329 0.421556
vt 0.956082 0.553119
vt 0.982551 0.536180
vt 0.981559 0.557694
vt 0.843731 0.332489
vt 0.854803 0.284223
vt 0.841787 0.347662
vt 0.827208 0.420227
vt 0.777423 0.393258
vt 0.251646 0.592356
vt 0.241946 0.591813
vt 0.231719 0.573663
vt 0.069051 0.922741
vt 0.048664 0.916087
vt 0.078901 0.894713
vt 0.414484 0.604542
vt 0.376569 0.600941
vt 0.461484 0.582617
vt 0.464894 0.632574
vt 0.502601 0.661914
vt 0.766945 0.588819
vt 0.911576 0.696293
vt 0.889258 0.699732
vt 0.889387 0.670726
vt 0.772235 0.519051
vt 0.790817 0.489420
vt 0.764728 0.432106
vt 0.720105 0.470375
vt 0.927656 0.556630
vt 0.958156 0.575352
vt 0.926008 0.540366
vt 0.582429 0.505630
vt 0.541879 0.519861
vt 0.498805 0.440433
vt 0.473382 0.467750
vt 0.124732 0.915362
vt 0.110008 0.927196
vt 0.095344 0.911565
vt 0.103950 0.895538
vt 0.071981 0.948512
vt 0.463364 0.448788
vt 0.423656 0.476442
vt 0.440106 0.434702
vt 0.130413 0.938689
vt 0.120010 0.965803
vt 0.101927 0.951469
vt 0.080099 0.976915
vt 0.702313 0.571760
vt 0.643252 0.565304
vt 0.867385 0.354769
vt 0.952955 0.498501
vt 0.960493 0.535215
vt 0.952124 0.525854
vt 0.937304 0.522025
vt 0.658226 0.480605
vt 0.677331 0.493409
vt 0.645631 0.503585
vt 0.690636 0.519933
vt 0.902780 0.535042
vt 0.906968 0.559618
vt 0.930490 0.579482
vt 0.477517 0.617202
vt 0.481888 0.638725
vt 0.659643 0.592595
vt 0.769043 0.604649
vt 0.778224 0.099237
vt 0.771763 0.095373
vt 0.795577 0.064060
vt 0.884139 0.076192
vt 0.839986 0.048472
vt 0.884779 0.061743
vt 0.870859 0.139400
vt 0.902559 0.138713
vt 0.871142 0.171350
vt 0.903329 0.104179
vt 0.876375 0.114158
vt 0.812113 0.082914
vt 0.840249 0.150786
vt 0.859207 0.150080
vt 0.829850 0.178583
vt 0.852542 0.070378
vt 0.862560 0.096945
vt 0.814924 0.108710
vt 0.800668 0.117111
vt 0.834216 0.093637
vt 0.810460 0.149590
vt 0.853670 0.126617
vt 0.840014 0.113464
vt 0.810052 0.420837
vt 0.817299 0.425226
vt 0.896124 0.234369
vt 0.878758 0.211351
vt 0.887431 0.195379
vt 0.931451 0.213256
vt 0.934339 0.195357
vt 0.963202 0.221108
vt 0.908502 0.163678
vt 0.923734 0.155735
vt 0.940790 0.163244
vt 0.913907 0.187831
vt 0.915839 0.207224
vt 0.957144 0.177113
vt 0.927662 0.196237
vt 0.811614 0.480425
vt 0.809771 0.498776
vt 0.614092 0.790309
vt 0.599701 0.796812
vt 0.606108 0.789085
vt 0.866852 0.692910
vt 0.949736 0.701285
vt 0.108929 0.018333
vt 0.105907 0.688103
vt 0.188673 0.536901
vt 0.305228 0.919310
vt 0.323959 0.934190
vt 0.291076 0.944258
vt 0.256739 0.931128
vt 0.271029 0.911910
vt 0.302621 0.896447
vt 0.280868 0.888886
vt 0.290146 0.866414
vt 0.322122 0.878090
vt 0.322341 0.853779
vt 0.262896 0.877410
vt 0.267136 0.846977
vt 0.241941 0.890364
vt 0.338213 0.873574
vt 0.339316 0.898021
vt 0.789771 0.604411
vt 0.751639 0.663979
vt 0.167829 0.646531
vt 0.197977 0.621319
vt 0.300619 0.409301
vt 0.305319 0.436418
vt 0.396626 0.257977
vt 0.216516 0.018470
vt 0.220444 0.037071
vt 0.789718 0.692392
vt 0.821815 0.706212
vt 0.050101 0.947581
vt 0.191366 0.927123
vt 0.654277 0.407644
vt 0.654353 0.415948
vt 0.538786 0.548731
vt 0.514936 0.556458
vt 0.633652 0.501910
vt 0.610870 0.518292
vt 0.845332 0.902314
vt 0.029057 0.059549
vt 0.067478 0.049605
vt 0.832728 0.936278
vt 0.764303 0.372141
vt 0.280984 0.511411
vt 0.221304 0.008936
vt 0.231870 0.029299
vt 0.797333 0.467849
vt 0.101155 0.715910
vt 0.227152 0.389455
vt 0.364024 0.770512
vt 0.785259 0.679146
vt 0.802024 0.654035
vt 0.650736 0.016862
vt 0.241118 0.015564
vt 0.274887 0.005492
vt 0.850131 0.542681
vt 0.606651 0.147576
vt 0.266957 0.276978
vt 0.950155 0.587727
vt 0.939731 0.618419
vt 0.200601 0.019650
vt 0.504662 0.833314
vt 0.898512 0.549753
vt 0.369176 0.476653
vt 0.944500 0.411054
vt 0.821042 0.190953
vt 0.459975 0.327135
vt 0.471122 0.364580
vt 0.417224 0.735013
vt 0.552473 0.123475
vt 0.533098 0.108556
vt 0.669491 0.786859
vt 0.913345 0.626816
vt 0.918946 0.606034
vt 0.532103 0.828657
vt 0.046897 0.442995
vt 0.218701 0.433074
vt 0.788023 0.630939
vt 0.923831 0.839344
vt 0.134416 0.668941
vt 0.027897 0.699911
vt 0.178123 0.912570
vt 0.119408 0.839935
vt 0.177068 0.782342
vt 0.223046 0.808889
vt 0.036006 0.170007
vt 0.054994 0.349994
vt 0.598982 0.867393
vt 0.389859 0.043823
vt 0.087549 0.332933
vt 0.405821 0.073276
vt 0.316735 0.182333
vt 0.007248 0.619486
vt 0.939848 0.885457
vt 0.893673 0.927745
vt 0.862348 0.936878
vt 0.811498 0.219044
vt 0.879836 0.349836
vt 0.606475 0.244362
vt 0.168990 0.549333
vt 0.690203 0.583057
vt 0.720357 0.593728
vt 0.141400 0.460762
vt 0.167512 0.500816
vt 0.597325 0.714875
vt 0.516705 0.247024
vt 0.538901 0.146013
vt 0.687700 0.711208
vt 0.001869 0.127377
vt 0.006207 0.161109
vt 0.370522 0.876597
vt 0.107708 0.787942
vt 0.090073 0.766026
vt 0.295407 0.330449
vt 0.293450 0.231597
vt 0.577468 0.400221
vt 0.273405 0.364843
vt 0.279211 0.355109
vt 0.208303 0.772280
vt 0.858452 0.808189
vt 0.529099 0.365914
vt 0.534195 0.391393
vt 0.703663 0.808160
vt 0.090074 0.748856
vt 0.949786 0.337728
vt 0.404011 0.850924
vt 0.457965 0.912852
vt 0.456763 0.871572
vt 0.440080 0.855011
vt 0.609250 0.773968
vt 0.176900 0.445348
vt 0.727328 0.371158
vt 0.597637 0.738436
vt 0.652918 0.696683
vt 0.422202 0.002375
vt 0.994368 0.656992
vt 0.928749 0.654022
vt 0.960020 0.667886
vt 0.481590 0.729257
vt 0.226784 0.121743
vt 0.552102 0.747123
vt 0.007858 0.114790
vt 0.407584 0.708640
vt 0.391664 0.696048
vt 0.194390 0.951652
vt 0.206558 0.997653
vt 0.189451 0.995365
vt 0.923493 0.669260
vt 0.013285 0.900229
vt 0.008088 0.848660
vt 0.959517 0.709825
vt 0.556501 0.713497
vt 0.562364 0.716054
vt 0.062854 0.737032
vt 0.032944 0.720662
vt 0.047167 0.709737
vt 0.873552 0.255236
vt 0.875187 0.263895
vt 0.644040 0.834890
vt 0.600230 0.850713
vt 0.040474 0.903587
vt 0.005221 0.792170
vt 0.004490 0.913169
vt 0.417674 0.576927
vt 0.009158 0.099467
vt 0.511547 0.687256
vt 0.005782 0.071048
vt 0.053156 0.035598
vt 0.869792 0.372858
vt 0.853008 0.434538
vt 0.529796 0.573709
vt 0.058747 0.974550
vt 0.067112 0.005724
vt 0.917817 0.506194
vt 0.699967 0.483981
vt 0.630212 0.584570
vt 0.639474 0.598998
vt 0.877900 0.428797
vt 0.474723 0.588241
vt 0.057078 0.008632
vt 0.800093 0.168999
vt 0.824064 0.185415
vt 0.857736 0.185420
vt 0.682617 0.582601
vt 0.781263 0.148227
vt 0.829563 0.136317
vt 0.562025 0.514685
vt 0.935838 0.240637
vt 0.876110 0.758572
vt 0.199664 0.452786
vt 0.211902 0.603740
vt 0.199903 0.602610
vt 0.584966 0.062702
s 1
f 365/1/365 320/2/320 2/3/2
f 4/4/4 2/3/2 320/2/320
f 368/5/368 65/6/65 366/7/366
f 363/8/363 67/9/67 13/10/13
f 6/11/6 69/12/69 10/13/10
f 364/14/364 70/15/70 13/10/13
f 9/16/9 360/17/360 12/18/12
f 342/19/342 73/20/73 13/10/13
f 76/21/76 74/22/74 75/23/75
f 580/24/580 76/21/76 75/23/75
f 320/2/320 370/25/370 530/26/530
f 395/27/395 407/28/407 19/29/19
f 382/30/382 383/31/383 81/32/81
f 382/30/382 81/32/81 500/33/500
f 94/34/94 382/30/382 500/33/500
f 606/35/606 581/36/581 93/37/93
f 88/38/88 335/39/335 340/40/340
f 90/41/90 91/42/91 21/43/21
f 94/44/94 500/45/500 23/46/23
f 98/47/98 97/48/97 386/49/386
f 93/37/93 523/50/523 25/51/25
f 103/52/103 371/53/371 28/54/28
f 24/55/24 442/56/442 109/57/109
f 112/58/112 379/59/379 355/60/355
f 117/61/117 31/62/31 29/63/29
f 121/64/121 354/65/354 356/66/356
f 128/67/128 352/68/352 127/69/127
f 541/70/541 611/71/611 602/72/602
f 524/73/524 124/74/124 157/75/157
f 37/76/37 133/77/133 134/78/134
f 450/79/450 135/80/135 461/81/461
f 141/82/141 646/83/646 314/84/314
f 331/85/331 334/86/334 142/87/142
f 144/88/144 35/89/35 574/90/574
f 317/91/317 125/92/125 146/93/146
f 150/94/150 468/95/468 155/96/155
f 158/97/158 525/98/525 159/99/159
f 312/100/312 646/83/646 158/97/158
f 162/101/162 163/102/163 44/103/44
f 152/104/152 300/105/300 164/106/164
f 557/107/557 575/108/575 42/109/42
f 42/109/42 555/110/555 557/107/557
f 181/111/181 45/112/45 297/113/297
f 167/114/167 168/115/168 47/116/47
f 44/103/44 170/117/170 139/118/139
f 169/119/169 170/117/170 44/103/44
f 287/120/287 288/121/288 182/122/182
f 174/123/174 158/97/158 48/124/48
f 180/125/180 54/126/54 293/127/293
f 431/128/431 184/129/184 430/130/430
f 430/130/430 184/129/184 375/131/375
f 52/132/52 191/133/191 446/134/446
f 262/135/262 284/136/284 54/126/54
f 556/137/556 183/138/183 57/139/57
f 587/140/587 198/141/198 519/142/519
f 199/143/199 55/144/55 192/145/192
f 264/146/264 201/147/201 284/136/284
f 248/148/248 249/149/249 233/150/233
f 202/151/202 203/152/203 227/153/227
f 58/154/58 518/155/518 209/156/209
f 206/157/206 199/143/199 59/158/59
f 308/159/308 219/160/219 220/161/220
f 305/162/305 209/163/209 61/164/61
f 218/165/218 217/166/217 225/167/225
f 62/168/62 63/169/63 219/160/219
f 224/170/224 63/169/63 62/168/62
f 224/170/224 62/168/62 225/167/225
f 258/171/258 223/172/223 224/173/224
f 258/171/258 61/164/61 223/172/223
f 230/174/230 305/162/305 226/175/226
f 296/176/296 196/177/196 197/178/197
f 196/177/196 202/151/202 197/178/197
f 232/179/232 61/180/61 209/156/209
f 220/161/220 219/160/219 211/181/211
f 219/182/219 63/183/63 212/184/212
f 233/150/233 249/149/249 208/185/208
f 309/186/309 174/123/174 233/187/233
f 645/188/645 235/189/235 48/190/48
f 645/188/645 644/191/644 236/192/236
f 644/191/644 237/193/237 236/192/236
f 238/194/238 244/195/244 237/193/237
f 236/192/236 235/189/235 645/188/645
f 235/189/235 234/196/234 48/190/48
f 234/197/234 245/198/245 233/150/233
f 239/199/239 236/192/236 237/193/237
f 185/200/185 244/201/244 238/202/238
f 185/203/185 239/199/239 244/195/244
f 185/203/185 246/204/246 239/199/239
f 245/205/245 234/196/234 246/204/246
f 240/206/240 247/207/247 241/208/241
f 247/207/247 185/200/185 241/208/241
f 247/209/247 245/205/245 246/204/246
f 240/206/240 245/210/245 247/207/247
f 246/211/246 185/200/185 247/207/247
f 241/212/241 248/148/248 240/213/240
f 219/160/219 215/214/215 62/168/62
f 249/149/249 248/148/248 250/215/250
f 252/216/252 243/217/243 253/218/253
f 253/218/253 243/217/243 238/202/238
f 238/202/238 237/219/237 253/218/253
f 253/218/253 644/220/644 254/221/254
f 193/222/193 242/223/242 53/224/53
f 251/225/251 193/222/193 377/226/377
f 376/227/376 377/226/377 193/222/193
f 256/228/256 251/225/251 377/226/377
f 225/167/225 62/168/62 214/229/214
f 276/230/276 258/231/258 224/170/224
f 226/175/226 305/162/305 258/171/258
f 259/232/259 197/233/197 227/234/227
f 260/235/260 51/236/51 278/237/278
f 260/235/260 261/238/261 51/236/51
f 261/239/261 262/135/262 51/240/51
f 262/135/262 264/146/264 284/136/284
f 264/146/264 262/135/262 263/241/263
f 268/242/268 200/243/200 267/244/267
f 269/245/269 267/244/267 200/243/200
f 56/246/56 273/247/273 272/248/272
f 273/247/273 265/249/265 263/250/263
f 56/246/56 268/242/268 273/247/273
f 261/238/261 260/235/260 272/248/272
f 272/248/272 260/235/260 278/237/278
f 278/237/278 271/251/271 272/248/272
f 270/252/270 269/245/269 277/253/277
f 274/254/274 275/255/275 270/252/270
f 267/244/267 270/252/270 275/255/275
f 266/256/266 267/257/267 275/258/275
f 266/256/266 222/259/222 282/260/282
f 266/256/266 275/258/275 222/259/222
f 274/254/274 270/252/270 280/261/280
f 277/253/277 280/261/280 270/252/270
f 277/253/277 279/262/279 280/261/280
f 276/230/276 221/263/221 275/258/275
f 280/264/280 226/175/226 258/171/258
f 280/264/280 279/265/279 226/175/226
f 259/232/259 226/175/226 279/265/279
f 222/259/222 221/263/221 217/166/217
f 282/266/282 59/158/59 207/267/207
f 283/268/283 207/267/207 199/143/199
f 264/146/264 207/267/207 283/268/283
f 283/268/283 201/147/201 264/146/264
f 283/268/283 199/143/199 201/147/201
f 52/132/52 285/269/285 188/270/188
f 286/271/286 188/270/188 285/269/285
f 436/272/436 188/270/188 286/271/286
f 436/272/436 287/120/287 188/270/188
f 188/270/188 287/120/287 182/122/182
f 33/273/33 288/274/288 287/275/287
f 165/276/165 290/277/290 291/278/291
f 291/278/291 292/279/292 165/276/165
f 292/279/292 289/280/289 165/276/165
f 289/281/289 293/127/293 54/126/54
f 139/118/139 180/282/180 293/283/293
f 170/284/170 294/285/294 186/286/186
f 294/285/294 262/135/262 186/286/186
f 295/287/295 296/176/296 51/288/51
f 181/111/181 50/289/50 228/290/228
f 181/111/181 298/291/298 45/112/45
f 502/292/502 299/293/299 300/105/300
f 299/293/299 297/113/297 300/105/300
f 302/294/302 50/289/50 301/295/301
f 216/296/216 61/180/61 232/179/232
f 308/159/308 309/297/309 208/185/208
f 177/298/177 174/123/174 521/299/521
f 177/300/177 555/110/555 311/301/311
f 555/110/555 42/109/42 40/302/40
f 311/303/311 40/304/40 46/305/46
f 311/306/311 525/98/525 177/298/177
f 158/97/158 174/123/174 525/98/525
f 159/99/159 312/100/312 158/97/158
f 31/62/31 126/307/126 39/308/39
f 126/307/126 31/62/31 638/309/638
f 638/309/638 527/310/527 126/307/126
f 314/84/314 527/310/527 120/311/120
f 39/308/39 126/307/126 314/84/314
f 646/83/646 39/308/39 314/84/314
f 131/312/131 141/313/141 314/314/314
f 120/315/120 315/316/315 131/312/131
f 136/317/136 131/312/131 315/316/315
f 318/318/318 317/319/317 136/317/136
f 141/313/141 136/317/136 317/319/317
f 318/318/318 643/320/643 125/321/125
f 107/322/107 106/323/106 103/52/103
f 75/23/75 320/324/320 530/325/530
f 68/326/68 1/327/1 4/328/4
f 68/326/68 6/11/6 1/327/1
f 6/11/6 536/329/536 322/330/322
f 323/331/323 70/332/70 322/330/322
f 336/333/336 70/15/70 80/334/80
f 80/334/80 539/335/539 336/333/336
f 539/335/539 324/336/324 22/337/22
f 534/338/534 329/339/329 328/340/328
f 330/341/330 329/342/329 142/87/142
f 298/291/298 331/85/331 142/87/142
f 327/343/327 332/344/332 326/345/326
f 122/346/122 132/347/132 334/348/334
f 122/346/122 119/349/119 92/350/92
f 335/351/335 336/333/336 539/335/539
f 70/15/70 337/352/337 13/10/13
f 335/351/335 337/352/337 336/333/336
f 334/86/334 352/68/352 338/353/338
f 340/354/340 119/355/119 30/356/30
f 340/40/340 344/357/344 88/38/88
f 88/38/88 337/358/337 335/39/335
f 357/359/357 342/19/342 341/360/341
f 343/361/343 341/362/341 88/38/88
f 340/40/340 30/363/30 345/364/345
f 339/365/339 346/366/346 345/364/345
f 346/366/346 349/367/349 343/361/343
f 357/359/357 348/368/348 347/369/347
f 348/370/348 349/367/349 347/371/347
f 346/366/346 339/365/339 350/372/350
f 352/68/352 334/86/334 331/85/331
f 353/373/353 352/68/352 128/67/128
f 356/374/356 339/365/339 121/375/121
f 350/372/350 339/365/339 356/374/356
f 356/374/356 499/376/499 349/367/349
f 500/33/500 81/32/81 357/359/357
f 361/377/361 5/378/5 360/17/360
f 67/9/67 363/8/363 64/379/64
f 363/8/363 5/378/5 64/379/64
f 5/378/5 363/8/363 358/380/358
f 358/380/358 363/8/363 73/20/73
f 367/381/367 364/14/364 13/10/13
f 6/11/6 364/382/364 1/327/1
f 367/381/367 368/5/368 364/14/364
f 2/3/2 1/383/1 3/384/3
f 66/385/66 365/1/365 3/384/3
f 64/379/64 65/6/65 367/381/367
f 366/386/366 320/2/320 365/1/365
f 370/387/370 393/388/393 529/389/529
f 103/52/103 106/323/106 393/388/393
f 129/390/129 373/391/373 38/392/38
f 168/393/168 374/394/374 146/93/146
f 374/394/374 53/395/53 146/93/146
f 189/396/189 53/224/53 375/397/375
f 53/224/53 189/396/189 193/222/193
f 213/398/213 281/399/281 218/165/218
f 470/400/470 55/144/55 206/157/206
f 470/400/470 435/401/435 55/144/55
f 470/400/470 194/402/194 435/401/435
f 191/133/191 52/132/52 192/145/192
f 123/403/123 287/275/287 378/404/378
f 379/59/379 380/405/380 23/46/23
f 23/406/23 95/407/95 94/408/94
f 95/407/95 99/409/99 89/410/89
f 381/411/381 89/412/89 380/413/380
f 73/20/73 81/32/81 383/31/383
f 384/414/384 360/17/360 359/415/359
f 359/415/359 383/31/383 382/30/382
f 21/416/21 91/417/91 385/418/385
f 386/49/386 91/419/91 24/420/24
f 98/421/98 387/422/387 97/423/97
f 387/422/387 385/424/385 97/423/97
f 97/423/97 385/424/385 91/425/91
f 411/426/411 12/18/12 388/427/388
f 12/18/12 411/426/411 9/16/9
f 406/428/406 361/429/361 9/430/9
f 406/431/406 362/432/362 361/433/361
f 362/432/362 487/434/487 488/435/488
f 64/379/64 5/378/5 389/436/389
f 64/437/64 369/438/369 65/439/65
f 392/440/392 370/25/370 320/2/320
f 394/441/394 392/440/392 396/442/396
f 397/443/397 391/444/391 398/445/398
f 399/446/399 400/447/400 398/445/398
f 401/448/401 369/438/369 488/435/488
f 369/438/369 64/437/64 389/449/389
f 390/450/390 65/439/65 402/451/402
f 390/450/390 366/386/366 65/439/65
f 391/444/391 366/386/366 390/450/390
f 390/450/390 399/446/399 398/445/398
f 399/446/399 402/451/402 401/448/401
f 402/451/402 369/438/369 401/448/401
f 400/447/400 399/446/399 401/448/401
f 403/452/403 404/453/404 394/441/394
f 77/454/77 395/27/395 405/455/405
f 405/455/405 406/428/406 77/454/77
f 412/456/412 77/454/77 406/428/406
f 407/28/407 77/454/77 412/456/412
f 412/456/412 408/457/408 407/28/407
f 410/458/410 386/49/386 24/420/24
f 98/47/98 386/49/386 414/459/414
f 418/460/418 387/422/387 98/421/98
f 418/461/418 98/47/98 414/459/414
f 415/462/415 388/463/388 387/422/387
f 385/424/385 387/422/387 388/463/388
f 411/464/411 388/463/388 415/462/415
f 416/465/416 413/466/413 412/456/412
f 417/467/417 418/461/418 414/459/414
f 416/468/416 420/469/420 421/470/421
f 417/467/417 413/471/413 421/472/421
f 408/457/408 409/473/409 114/474/114
f 450/475/450 115/476/115 114/474/114
f 114/474/114 115/476/115 425/477/425
f 425/477/425 423/478/423 114/474/114
f 426/479/426 407/28/407 423/478/423
f 424/480/424 125/92/125 481/481/481
f 424/480/424 129/390/129 125/92/125
f 425/477/425 130/482/130 426/479/426
f 429/483/429 168/393/168 373/391/373
f 173/484/173 375/485/375 374/486/374
f 172/487/172 47/116/47 430/488/430
f 375/485/375 173/484/173 172/487/172
f 430/130/430 47/489/47 431/128/431
f 184/129/184 431/128/431 432/490/432
f 431/128/431 433/491/433 432/490/432
f 432/492/432 452/493/452 194/494/194
f 34/495/34 287/275/287 436/496/436
f 138/497/138 378/404/378 287/275/287
f 378/404/378 138/497/138 441/498/441
f 437/499/437 380/405/380 123/403/123
f 437/499/437 104/500/104 96/501/96
f 438/502/438 104/500/104 437/499/437
f 438/502/438 110/503/110 104/500/104
f 437/499/437 439/504/439 438/502/438
f 439/504/439 437/499/437 441/498/441
f 440/505/440 438/502/438 439/504/439
f 440/505/440 90/41/90 110/503/110
f 378/404/378 441/498/441 437/499/437
f 143/506/143 138/497/138 436/496/436
f 138/497/138 143/506/143 118/507/118
f 422/508/422 409/509/409 109/57/109
f 450/475/450 114/474/114 422/510/422
f 451/511/451 115/476/115 450/475/450
f 428/512/428 425/513/425 115/514/115
f 434/515/434 433/491/433 428/512/428
f 434/516/434 432/492/432 433/517/433
f 434/516/434 452/493/452 432/492/432
f 435/401/435 194/402/194 452/518/452
f 446/134/446 191/133/191 464/519/464
f 453/520/453 457/521/457 447/522/447
f 449/523/449 422/508/422 109/57/109
f 455/524/455 450/525/450 449/523/449
f 449/523/449 450/525/450 422/508/422
f 435/401/435 452/518/452 444/526/444
f 453/527/453 448/528/448 442/56/442
f 448/528/448 455/529/455 449/523/449
f 451/530/451 443/531/443 115/532/115
f 148/533/148 458/534/458 434/516/434
f 463/535/463 49/536/49 464/537/464
f 464/537/464 445/538/445 463/535/463
f 454/539/454 459/540/459 455/541/455
f 460/542/460 450/79/450 456/543/456
f 461/81/461 148/533/148 443/531/443
f 443/531/443 451/530/451 461/81/461
f 454/539/454 447/544/447 465/545/465
f 463/535/463 176/546/176 462/547/462
f 447/544/447 457/548/457 49/536/49
f 466/549/466 459/540/459 465/545/465
f 466/549/466 456/543/456 459/540/459
f 466/549/466 460/542/460 456/543/456
f 49/536/49 468/95/468 465/545/465
f 468/95/468 466/549/466 465/545/465
f 155/96/155 467/550/467 460/542/460
f 463/535/463 462/547/462 469/551/469
f 468/95/468 49/536/49 463/535/463
f 468/95/468 150/94/150 466/549/466
f 155/96/155 460/542/460 150/94/150
f 431/128/431 429/483/429 433/491/433
f 193/222/193 189/396/189 376/227/376
f 255/552/255 472/553/472 476/554/476
f 255/555/255 473/556/473 213/398/213
f 474/557/474 470/400/470 206/157/206
f 477/558/477 189/559/189 184/560/184
f 376/561/376 189/562/189 471/563/471
f 471/563/471 475/564/475 472/553/472
f 476/554/476 472/553/472 475/564/475
f 473/565/473 479/566/479 281/567/281
f 281/399/281 213/398/213 473/556/473
f 474/557/474 477/568/477 470/400/470
f 475/564/475 471/563/471 195/569/195
f 477/558/477 480/570/480 189/562/189
f 195/569/195 189/562/189 480/570/480
f 480/570/480 475/564/475 195/569/195
f 478/571/478 475/564/475 480/570/480
f 478/571/478 60/572/60 476/554/476
f 478/571/478 479/573/479 60/572/60
f 474/574/474 478/571/478 480/570/480
f 474/574/474 479/573/479 478/571/478
f 129/390/129 424/480/424 482/575/482
f 111/576/111 484/577/484 427/578/427
f 427/579/427 19/29/19 407/28/407
f 371/580/371 485/581/485 372/582/372
f 484/577/484 19/583/19 427/578/427
f 105/584/105 484/577/484 111/576/111
f 486/585/486 105/584/105 483/586/483
f 129/390/129 482/575/482 130/587/130
f 488/435/488 389/449/389 362/432/362
f 397/443/397 398/445/398 400/447/400
f 490/588/490 489/589/489 397/443/397
f 405/590/405 487/434/487 406/431/406
f 491/591/491 487/434/487 405/590/405
f 490/588/490 400/447/400 487/434/487
f 491/591/491 490/588/490 487/434/487
f 404/453/404 403/452/403 491/591/491
f 99/409/99 23/406/23 380/592/380
f 32/593/32 123/403/123 112/58/112
f 128/67/128 493/594/493 353/373/353
f 498/595/498 492/596/492 494/597/494
f 492/596/492 353/373/353 494/597/494
f 162/101/162 354/65/354 492/596/492
f 139/118/139 496/598/496 36/599/36
f 32/593/32 112/58/112 36/600/36
f 165/276/165 289/280/289 290/277/290
f 496/601/496 292/279/292 291/278/291
f 497/602/497 495/603/495 36/600/36
f 137/604/137 153/605/153 495/606/495
f 137/604/137 156/607/156 153/605/153
f 137/604/137 496/601/496 156/607/156
f 166/608/166 295/287/295 178/609/178
f 296/176/296 295/287/295 163/102/163
f 493/594/493 128/67/128 127/69/127
f 499/610/499 356/611/356 355/60/355
f 500/45/500 357/612/357 499/610/499
f 499/610/499 355/60/355 500/45/500
f 355/60/355 379/59/379 500/45/500
f 349/367/349 346/366/346 350/372/350
f 341/362/341 337/358/337 88/38/88
f 132/347/132 328/340/328 329/339/329
f 333/613/333 22/614/22 326/345/326
f 92/615/92 119/355/119 340/354/340
f 92/350/92 22/614/22 333/613/333
f 142/87/142 133/77/133 164/106/164
f 152/104/152 164/106/164 133/77/133
f 502/292/502 152/104/152 501/616/501
f 502/292/502 540/617/540 299/293/299
f 503/618/503 301/295/301 299/293/299
f 203/619/203 202/620/202 507/621/507
f 507/621/507 303/622/303 229/623/229
f 504/624/504 305/162/305 230/174/230
f 506/625/506 58/154/58 505/626/505
f 508/627/508 303/622/303 507/621/507
f 302/628/302 509/629/509 507/630/507
f 509/631/509 190/632/190 58/154/58
f 513/633/513 514/634/514 154/635/154
f 160/636/160 515/637/515 545/638/545
f 512/639/512 154/635/154 43/640/43
f 514/634/514 41/641/41 154/635/154
f 41/641/41 515/637/515 154/635/154
f 154/635/154 515/637/515 43/640/43
f 515/637/515 160/636/160 43/640/43
f 512/639/512 513/633/513 154/635/154
f 516/642/516 511/643/511 512/644/512
f 518/155/518 190/632/190 517/645/517
f 216/646/216 551/647/551 520/648/520
f 551/649/551 220/650/220 520/651/520
f 551/647/551 552/652/552 220/653/220
f 553/654/553 309/655/309 308/656/308
f 523/657/523 524/658/524 151/659/151
f 161/660/161 311/303/311 46/305/46
f 161/660/161 159/661/159 525/662/525
f 149/663/149 161/660/161 310/664/310
f 524/665/524 157/666/157 149/663/149
f 157/75/157 312/100/312 159/99/159
f 108/667/108 528/668/528 106/323/106
f 86/669/86 87/670/87 530/325/530
f 582/671/582 321/672/321 74/22/74
f 321/673/321 7/674/7 4/4/4
f 532/675/532 535/676/535 531/677/531
f 533/678/533 134/78/134 329/342/329
f 133/77/133 142/87/142 329/342/329
f 329/342/329 534/679/534 533/678/533
f 322/680/322 537/681/537 14/682/14
f 79/683/79 80/684/80 70/685/70
f 82/686/82 78/687/78 18/688/18
f 536/689/536 18/688/18 78/687/78
f 536/329/536 6/11/6 10/13/10
f 325/690/325 324/691/324 535/692/535
f 535/692/535 532/693/532 327/343/327
f 540/617/540 503/618/503 299/293/299
f 510/694/510 517/695/517 540/617/540
f 113/696/113 541/70/541 513/697/513
f 542/698/542 513/697/513 541/70/541
f 544/699/544 545/638/545 543/700/543
f 551/647/551 566/701/566 552/652/552
f 555/702/555 177/298/177 521/299/521
f 558/703/558 519/142/519 198/141/198
f 519/142/519 558/703/558 550/704/550
f 561/705/561 306/706/306 550/707/550
f 566/701/566 551/647/551 556/137/556
f 554/708/554 555/709/555 521/710/521
f 550/707/550 559/711/559 560/712/560
f 562/713/562 306/706/306 561/705/561
f 565/714/565 566/701/566 564/715/564
f 573/716/573 559/711/559 558/717/558
f 556/718/556 562/713/562 183/719/183
f 571/720/571 565/714/565 570/721/570
f 559/711/559 573/716/573 560/712/560
f 179/722/179 570/721/570 563/723/563
f 572/724/572 569/725/569 560/712/560
f 179/726/179 572/724/572 570/727/570
f 567/728/567 568/729/568 555/709/555
f 566/701/566 57/139/57 564/715/564
f 566/701/566 553/654/553 552/652/552
f 576/730/576 575/731/575 171/732/171
f 589/733/589 578/734/578 575/735/575
f 590/736/590 575/108/575 578/737/578
f 522/738/522 523/657/523 151/659/151
f 27/739/27 579/740/579 523/657/523
f 29/63/29 124/74/124 579/741/579
f 579/742/579 526/743/526 29/63/29
f 76/21/76 580/24/580 581/36/581
f 583/744/583 68/745/68 7/746/7
f 8/747/8 68/326/68 584/748/584
f 8/747/8 16/749/16 17/750/17
f 17/750/17 69/12/69 8/747/8
f 17/750/17 595/751/595 531/677/531
f 586/752/586 541/70/541 113/696/113
f 547/753/547 546/754/546 587/755/587
f 147/756/147 574/90/574 588/757/588
f 574/90/574 558/758/558 588/757/588
f 576/730/576 574/90/574 605/759/605
f 145/760/145 589/733/589 576/761/576
f 604/762/604 589/733/589 145/760/145
f 633/763/633 20/764/20 580/24/580
f 20/764/20 93/37/93 581/36/581
f 592/765/592 76/21/76 591/766/591
f 592/765/592 582/671/582 76/21/76
f 582/767/582 71/768/71 72/769/72
f 72/769/72 321/770/321 582/767/582
f 71/768/71 11/771/11 583/744/583
f 593/772/593 16/773/16 585/774/585
f 591/766/591 16/773/16 593/772/593
f 593/772/593 592/765/592 591/766/591
f 592/775/592 71/768/71 582/767/582
f 593/776/593 594/777/594 592/775/592
f 594/777/594 585/778/585 11/771/11
f 593/776/593 585/778/585 594/777/594
f 591/766/591 581/36/581 16/773/16
f 586/752/586 611/71/611 541/70/541
f 609/779/609 602/72/602 611/71/611
f 609/779/609 25/780/25 602/72/602
f 599/781/599 522/738/522 590/736/590
f 590/782/590 578/734/578 577/783/577
f 577/783/577 600/784/600 590/782/590
f 600/784/600 140/785/140 590/782/590
f 599/786/599 601/787/601 598/788/598
f 602/72/602 147/756/147 541/70/541
f 147/756/147 602/72/602 35/89/35
f 35/89/35 144/88/144 147/756/147
f 601/787/601 35/89/35 597/789/597
f 604/762/604 145/760/145 601/790/601
f 603/791/603 601/790/601 145/760/145
f 574/90/574 35/89/35 605/759/605
f 605/792/605 603/791/603 145/760/145
f 610/793/610 607/794/607 17/750/17
f 609/779/609 613/795/613 25/780/25
f 611/71/611 586/752/586 614/796/614
f 612/797/612 609/798/609 611/799/611
f 615/800/615 614/801/614 608/802/608
f 621/803/621 607/804/607 610/805/610
f 615/800/615 595/806/595 622/807/622
f 612/797/612 611/799/611 618/808/618
f 625/809/625 620/810/620 616/811/616
f 617/812/617 615/800/615 626/813/626
f 618/808/618 623/814/623 624/815/624
f 627/816/627 617/812/617 626/813/626
f 624/815/624 625/809/625 619/817/619
f 620/810/620 629/818/629 622/807/622
f 630/819/630 623/814/623 627/816/627
f 622/807/622 629/818/629 630/819/630
f 630/819/630 626/813/626 622/807/622
f 631/820/631 27/739/27 84/821/84
f 579/822/579 27/823/27 631/824/631
f 632/825/632 636/826/636 117/827/117
f 84/828/84 20/829/20 635/830/635
f 100/831/100 631/824/631 84/828/84
f 631/824/631 116/832/116 579/822/579
f 635/830/635 100/831/100 84/828/84
f 633/833/633 636/826/636 635/830/635
f 636/826/636 634/834/634 635/830/635
f 635/830/635 634/834/634 100/831/100
f 100/831/100 634/834/634 116/832/116
f 634/834/634 632/825/632 116/832/116
f 574/90/574 147/756/147 144/88/144
f 588/757/588 542/698/542 147/756/147
f 175/835/175 542/698/542 588/757/588
f 175/835/175 543/836/543 542/698/542
f 543/837/543 175/838/175 544/839/544
f 175/840/175 587/755/587 544/699/544
f 549/841/549 43/640/43 160/636/160
f 160/636/160 545/638/545 547/753/547
f 41/641/41 543/700/543 545/638/545
f 513/842/513 512/644/512 511/643/511
f 545/638/545 546/754/546 547/753/547
f 535/676/535 10/13/10 531/677/531
f 321/673/321 4/4/4 74/843/74
f 638/309/638 31/62/31 637/844/637
f 83/845/83 319/846/319 528/847/528
f 108/848/108 641/849/641 528/847/528
f 83/845/83 528/847/528 641/849/641
f 641/849/641 639/850/639 83/845/83
f 101/851/101 102/852/102 639/850/639
f 639/850/639 102/852/102 640/853/640
f 86/854/86 640/853/640 102/852/102
f 642/855/642 637/856/637 102/852/102
f 637/856/637 642/855/642 638/857/638
f 102/852/102 101/851/101 642/855/642
f 102/852/102 637/856/637 86/854/86
f 530/858/530 529/859/529 640/853/640
f 29/63/29 157/75/157 124/74/124
f 310/664/310 524/665/524 149/663/149
f 209/163/209 305/162/305 505/860/505
f 643/320/643 318/318/318 315/316/315
f 318/318/318 316/861/316 315/316/315
f 146/93/146 252/862/252 254/863/254
f 644/864/644 645/865/645 141/82/141
f 48/124/48 646/83/646 645/865/645
f 646/83/646 141/82/141 645/865/645
f 181/111/181 301/295/301 50/289/50
f 300/105/300 297/113/297 45/112/45
f 169/119/169 44/103/44 166/608/166
f 180/125/180 186/286/186 262/135/262
f 54/126/54 284/136/284 187/866/187
f 294/285/294 51/240/51 262/135/262
f 250/215/250 256/228/256 218/165/218
f 256/228/256 255/555/255 218/165/218
f 193/222/193 251/225/251 242/223/242
f 62/168/62 215/214/215 214/229/214
f 51/288/51 296/176/296 197/178/197
f 210/867/210 211/868/211 212/184/212
f 227/234/227 197/233/197 202/869/202
f 48/124/48 158/97/158 646/83/646
f 172/487/172 167/114/167 47/116/47
f 23/406/23 99/409/99 95/407/95
f 278/870/278 259/232/259 279/265/279
f 1/383/1 2/3/2 4/4/4
f 3/384/3 365/1/365 2/3/2
f 67/9/67 64/379/64 367/381/367
f 361/377/361 360/17/360 9/16/9
f 11/771/11 585/778/585 584/871/584
f 360/17/360 384/414/384 12/18/12
f 14/682/14 323/872/323 322/680/322
f 370/873/370 529/874/529 530/325/530
f 84/875/84 85/876/85 20/764/20
f 87/670/87 637/877/637 117/878/117
f 90/41/90 380/405/380 96/501/96
f 423/478/423 407/28/407 408/457/408
f 522/738/522 151/659/151 40/302/40 42/109/42
f 440/505/440 118/507/118 24/55/24
f 28/54/28 643/879/643 103/52/103
f 107/322/107 108/667/108 106/323/106
f 533/678/533 608/880/608 113/881/113
f 28/54/28 125/882/125 643/879/643
f 524/658/524 579/740/579 124/883/124
f 524/658/524 523/657/523 579/740/579
f 126/307/126 527/310/527 314/84/314
f 461/81/461 451/530/451 450/79/450
f 287/275/287 123/403/123 33/273/33
f 39/308/39 312/100/312 313/884/313
f 162/101/162 139/118/139 36/599/36
f 38/392/38 373/391/373 146/93/146
f 646/83/646 312/100/312 39/308/39
f 210/867/210 223/885/223 520/886/520 211/868/211
f 152/104/152 133/77/133 37/76/37
f 40/304/40 310/664/310 46/305/46
f 45/112/45 164/106/164 300/105/300
f 244/195/244 239/199/239 237/193/237
f 166/608/166 44/103/44 163/102/163
f 48/124/48 233/187/233 174/123/174
f 558/758/558 175/887/175 588/757/588
f 169/119/169 166/608/166 178/609/178
f 178/609/178 295/287/295 51/288/51
f 184/129/184 189/888/189 375/131/375
f 51/288/51 294/889/294 178/609/178
f 54/126/54 180/125/180 262/135/262
f 519/142/519 518/155/518 587/140/587
f 200/243/200 205/890/205 269/245/269
f 227/234/227 203/891/203 304/892/304
f 269/245/269 205/890/205 277/253/277
f 59/158/59 199/143/199 207/267/207
f 220/161/220 552/893/552 308/159/308
f 308/159/308 208/185/208 219/160/219
f 335/351/335 22/337/22 92/894/92 340/895/340
f 218/165/218 255/555/255 213/398/213
f 520/651/520 61/164/61 216/896/216
f 224/170/224 225/167/225 257/897/257
f 258/171/258 305/162/305 61/164/61
f 197/178/197 278/898/278 51/288/51
f 196/177/196 296/176/296 228/290/228
f 196/177/196 228/290/228 50/289/50
f 196/177/196 50/289/50 202/151/202
f 203/619/203 229/623/229 304/899/304
f 229/623/229 204/900/204 304/899/304
f 304/892/304 230/174/230 227/234/227
f 231/901/231 210/867/210 212/184/212
f 223/172/223 61/164/61 520/651/520
f 232/179/232 307/902/307 216/296/216
f 520/651/520 220/650/220 211/903/211
f 219/182/219 212/184/212 211/868/211
f 63/183/63 231/901/231 212/184/212
f 215/214/215 219/160/219 208/185/208
f 208/185/208 249/149/249 215/214/215
f 208/185/208 309/297/309 233/150/233
f 48/124/48 234/904/234 233/187/233
f 240/213/240 248/148/248 233/150/233
f 241/208/241 243/217/243 242/905/242
f 239/199/239 235/189/235 236/192/236
f 239/199/239 234/196/234 235/189/235
f 245/198/245 240/213/240 233/150/233
f 241/208/241 185/200/185 243/217/243
f 185/200/185 238/202/238 243/217/243
f 246/204/246 234/196/234 239/199/239
f 241/212/241 242/223/242 251/225/251
f 215/214/215 249/149/249 214/229/214
f 250/215/250 248/148/248 256/228/256
f 256/228/256 241/212/241 251/225/251
f 253/218/253 237/219/237 644/220/644
f 254/221/254 252/216/252 253/218/253
f 242/223/242 252/906/252 53/224/53
f 255/555/255 256/228/256 377/226/377
f 214/229/214 249/149/249 250/215/250
f 214/229/214 250/215/250 218/165/218
f 214/229/214 218/165/218 225/167/225
f 257/897/257 276/230/276 224/170/224
f 227/234/227 230/174/230 226/175/226
f 226/175/226 259/232/259 227/234/227
f 259/232/259 278/870/278 197/233/197
f 261/239/261 263/241/263 262/135/262
f 265/907/265 266/908/266 264/146/264
f 266/909/266 268/242/268 267/244/267
f 269/245/269 270/252/270 267/244/267
f 271/251/271 277/253/277 205/890/205
f 272/248/272 271/251/271 56/246/56
f 272/248/272 273/247/273 261/238/261
f 261/238/261 273/247/273 263/250/263
f 263/241/263 265/907/265 264/146/264
f 266/909/266 273/247/273 268/242/268
f 205/890/205 200/243/200 56/246/56
f 200/243/200 268/242/268 56/246/56
f 271/251/271 205/890/205 56/246/56
f 273/247/273 266/909/266 265/249/265
f 266/908/266 282/266/282 264/146/264
f 282/266/282 207/267/207 264/146/264
f 274/910/274 276/230/276 275/258/275
f 277/253/277 278/237/278 279/262/279
f 278/237/278 277/253/277 271/251/271
f 274/910/274 280/911/280 258/231/258
f 274/910/274 258/231/258 276/230/276
f 221/263/221 222/259/222 275/258/275
f 221/263/221 276/230/276 257/897/257
f 222/259/222 217/166/217 218/165/218
f 218/165/218 281/399/281 222/259/222
f 282/260/282 222/259/222 281/399/281
f 206/157/206 55/144/55 199/143/199
f 182/122/182 54/126/54 187/866/187
f 188/270/188 182/122/182 201/147/201
f 199/143/199 52/132/52 201/147/201
f 52/132/52 446/134/446 285/269/285
f 292/279/292 293/912/293 289/280/289
f 289/281/289 54/126/54 288/121/288
f 288/121/288 54/126/54 182/122/182
f 139/118/139 170/117/170 180/282/180
f 180/125/180 170/284/170 186/286/186
f 181/111/181 228/290/228 493/594/493
f 45/112/45 142/87/142 164/106/164
f 152/104/152 502/292/502 300/105/300
f 50/289/50 302/294/302 202/151/202
f 203/619/203 507/621/507 229/623/229
f 229/623/229 303/622/303 204/900/204
f 204/900/204 303/622/303 505/913/505
f 504/914/504 304/899/304 204/900/204
f 209/156/209 518/155/518 232/179/232
f 232/179/232 306/915/306 307/902/307
f 308/656/308 552/652/552 553/654/553
f 309/186/309 521/299/521 174/123/174
f 311/301/311 555/110/555 40/302/40
f 310/664/310 40/304/40 151/916/151
f 46/305/46 310/664/310 161/660/161
f 525/98/525 174/123/174 177/298/177
f 313/884/313 31/62/31 39/308/39
f 120/311/120 527/310/527 107/917/107
f 107/918/107 315/316/315 120/315/120
f 131/312/131 314/314/314 120/315/120
f 131/312/131 136/317/136 141/313/141
f 315/316/315 316/861/316 136/317/136
f 316/861/316 318/318/318 136/317/136
f 107/322/107 103/52/103 643/879/643
f 319/919/319 529/389/529 393/388/393
f 75/920/75 74/843/74 320/2/320
f 4/4/4 7/674/7 68/921/68
f 325/690/325 326/345/326 324/922/324
f 325/690/325 327/343/327 326/345/326
f 26/923/26 534/338/534 328/340/328
f 334/86/334 330/341/330 142/87/142
f 26/923/26 328/340/328 332/344/332
f 332/344/332 327/343/327 26/923/26
f 324/922/324 326/345/326 22/614/22
f 92/350/92 333/613/333 122/346/122
f 122/346/122 332/344/332 132/347/132
f 132/347/132 330/924/330 334/348/334
f 334/348/334 338/925/338 122/346/122
f 338/925/338 119/349/119 122/346/122
f 411/464/411 415/462/415 419/926/419 420/469/420
f 22/337/22 335/351/335 539/335/539
f 336/333/336 337/352/337 70/15/70
f 352/68/352 119/355/119 338/353/338
f 121/64/121 339/927/339 30/356/30
f 341/360/341 342/19/342 337/352/337
f 342/19/342 13/10/13 337/352/337
f 344/357/344 346/366/346 88/38/88
f 345/364/345 30/363/30 339/365/339
f 345/364/345 346/366/346 340/40/340
f 346/366/346 344/357/344 340/40/340
f 343/361/343 88/38/88 346/366/346
f 343/361/343 348/370/348 341/928/341
f 348/929/348 357/359/357 341/360/341
f 121/64/121 351/930/351 354/65/354
f 351/930/351 121/64/121 30/356/30
f 351/930/351 30/356/30 352/68/352
f 127/69/127 352/68/352 331/85/331
f 353/373/353 351/930/351 352/68/352
f 350/372/350 356/374/356 349/367/349
f 349/367/349 499/376/499 347/371/347
f 357/359/357 15/931/15 342/19/342
f 357/359/357 81/32/81 15/931/15
f 360/17/360 5/378/5 359/415/359
f 361/377/361 389/436/389 5/378/5
f 362/432/362 389/449/389 361/433/361
f 358/380/358 359/415/359 5/378/5
f 15/931/15 73/20/73 342/19/342
f 73/20/73 363/8/363 13/10/13
f 13/10/13 67/9/67 367/381/367
f 366/386/366 365/1/365 66/385/66
f 368/5/368 1/932/1 364/14/364
f 368/933/368 66/385/66 3/384/3
f 3/384/3 1/383/1 368/933/368
f 367/381/367 65/6/65 368/5/368
f 66/385/66 368/933/368 366/386/366
f 366/386/366 391/444/391 320/2/320
f 394/934/394 103/52/103 393/388/393
f 371/53/371 372/935/372 28/54/28
f 372/935/372 481/936/481 28/54/28
f 28/54/28 481/936/481 125/882/125
f 38/392/38 125/92/125 129/390/129
f 168/393/168 146/93/146 373/391/373
f 53/224/53 374/937/374 375/397/375
f 376/561/376 472/553/472 377/938/377
f 377/938/377 472/553/472 255/552/255
f 282/266/282 281/567/281 59/158/59
f 191/133/191 192/145/192 55/144/55
f 192/145/192 52/132/52 199/143/199
f 123/403/123 378/404/378 437/499/437
f 123/403/123 380/405/380 112/58/112
f 112/58/112 380/405/380 379/59/379
f 99/409/99 380/592/380 89/410/89
f 95/407/95 89/410/89 94/408/94
f 381/411/381 382/30/382 94/34/94
f 381/411/381 94/34/94 89/412/89
f 73/20/73 15/931/15 81/32/81
f 383/31/383 358/380/358 73/20/73
f 383/31/383 359/415/359 358/380/358
f 21/939/21 380/405/380 90/41/90
f 21/416/21 381/411/381 380/413/380
f 381/411/381 21/416/21 384/414/384
f 381/411/381 384/414/384 382/30/382
f 382/30/382 384/414/384 359/415/359
f 384/414/384 21/416/21 385/418/385
f 386/49/386 97/48/97 91/419/91
f 388/427/388 384/414/384 385/418/385
f 12/18/12 384/414/384 388/427/388
f 369/438/369 402/451/402 65/439/65
f 391/444/391 392/440/392 320/2/320
f 370/25/370 392/440/392 393/940/393
f 371/941/371 103/942/103 395/27/395
f 395/943/395 103/944/103 404/453/404
f 404/453/404 103/944/103 394/441/394
f 392/440/392 397/443/397 396/442/396
f 389/449/389 488/435/488 369/438/369
f 393/940/393 392/440/392 394/441/394
f 392/440/392 391/444/391 397/443/397
f 391/444/391 390/450/390 398/445/398
f 402/451/402 399/446/399 390/450/390
f 396/442/396 397/443/397 489/589/489
f 403/452/403 394/441/394 396/442/396
f 407/28/407 395/27/395 77/454/77
f 408/457/408 410/945/410 409/473/409
f 410/946/410 109/57/109 409/509/409
f 413/466/413 408/457/408 412/456/412
f 410/458/410 413/471/413 414/459/414
f 410/458/410 414/459/414 386/49/386
f 387/422/387 418/460/418 419/926/419
f 411/426/411 420/947/420 9/16/9
f 420/948/420 412/456/412 9/430/9
f 412/456/412 420/948/420 416/465/416
f 419/926/419 415/462/415 387/422/387
f 416/468/416 421/470/421 413/949/413
f 413/471/413 417/467/417 414/459/414
f 418/460/418 417/950/417 421/470/421
f 421/470/421 419/926/419 418/460/418
f 130/587/130 425/513/425 428/512/428 129/390/129
f 420/469/420 419/926/419 421/470/421
f 413/466/413 410/945/410 408/457/408
f 109/57/109 410/946/410 24/55/24
f 114/474/114 409/473/409 422/510/422
f 423/478/423 425/477/425 426/479/426
f 423/478/423 408/457/408 114/474/114
f 19/29/19 371/941/371 395/27/395
f 426/951/426 111/576/111 427/578/427
f 426/479/426 427/579/427 407/28/407
f 449/523/449 109/57/109 442/56/442 448/528/448
f 429/483/429 373/391/373 129/390/129
f 374/486/374 168/115/168 173/484/173
f 430/488/430 375/485/375 172/487/172
f 167/114/167 172/487/172 173/484/173
f 173/484/173 168/115/168 167/114/167
f 429/483/429 47/489/47 168/393/168
f 429/483/429 431/128/431 47/489/47
f 432/490/432 194/952/194 184/129/184
f 184/129/184 194/952/194 470/953/470
f 429/483/429 129/390/129 428/512/428
f 428/512/428 433/491/433 429/483/429
f 55/144/55 435/401/435 191/133/191
f 435/401/435 445/954/445 191/133/191
f 457/521/457 453/520/453 285/269/285
f 457/521/457 285/269/285 446/134/446
f 453/520/453 143/955/143 285/269/285
f 143/955/143 286/271/286 285/269/285
f 287/275/287 34/495/34 138/497/138
f 437/499/437 96/501/96 380/405/380
f 96/501/96 104/500/104 90/41/90
f 440/505/440 110/503/110 438/502/438
f 90/41/90 104/500/104 110/503/110
f 440/505/440 439/504/439 118/507/118
f 118/507/118 442/56/442 24/55/24
f 118/507/118 143/506/143 442/56/442
f 441/498/441 138/497/138 118/507/118
f 118/507/118 439/504/439 441/498/441
f 436/496/436 286/956/286 143/506/143
f 436/496/436 138/497/138 34/495/34
f 435/401/435 444/526/444 445/954/445
f 464/519/464 191/133/191 445/954/445
f 143/506/143 453/527/453 442/56/442
f 444/526/444 452/518/452 176/957/176 463/958/463
f 115/514/115 443/959/443 428/512/428
f 443/531/443 434/516/434 428/960/428
f 446/134/446 464/519/464 457/521/457
f 450/79/450 455/541/455 456/543/456
f 452/493/452 434/516/434 176/546/176
f 454/961/454 453/527/453 447/962/447
f 453/527/453 454/961/454 448/528/448
f 455/541/455 448/963/448 454/539/454
f 443/531/443 148/533/148 434/516/434
f 400/447/400 401/448/401 488/435/488 487/434/487
f 463/958/463 445/954/445 444/526/444
f 459/540/459 456/543/456 455/541/455
f 460/542/460 135/80/135 450/79/450
f 467/550/467 461/81/461 135/80/135
f 458/534/458 176/546/176 434/516/434
f 176/546/176 458/534/458 462/547/462
f 454/539/454 465/545/465 459/540/459
f 460/542/460 467/550/467 135/80/135
f 458/534/458 461/81/461 462/547/462
f 49/536/49 457/548/457 464/537/464
f 447/544/447 49/536/49 465/545/465
f 461/81/461 458/534/458 148/533/148
f 466/549/466 150/94/150 460/542/460
f 467/550/467 469/551/469 461/81/461
f 469/551/469 468/95/468 463/535/463
f 468/95/468 469/551/469 155/96/155
f 155/96/155 469/551/469 467/550/467
f 469/551/469 462/547/462 461/81/461
f 376/561/376 471/563/471 472/553/472
f 470/953/470 477/964/477 184/129/184
f 476/554/476 60/572/60 473/965/473
f 476/554/476 473/965/473 255/552/255
f 59/158/59 479/566/479 474/557/474
f 474/557/474 206/157/206 59/158/59
f 189/562/189 195/569/195 471/563/471
f 60/572/60 479/573/479 473/965/473
f 479/566/479 59/158/59 281/567/281
f 474/574/474 480/570/480 477/558/477
f 478/571/478 476/554/476 475/564/475
f 426/951/426 130/966/130 111/576/111
f 372/582/372 485/581/485 481/967/481
f 483/586/483 111/576/111 130/966/130
f 111/576/111 483/586/483 105/584/105
f 19/583/19 484/577/484 371/580/371
f 485/581/485 486/585/486 481/967/481
f 481/967/481 486/585/486 424/968/424
f 486/585/486 485/581/485 105/584/105
f 105/584/105 485/581/485 484/577/484
f 485/581/485 371/580/371 484/577/484
f 482/969/482 486/585/486 483/586/483
f 482/969/482 483/586/483 130/966/130
f 482/969/482 424/968/424 486/585/486
f 362/432/362 406/431/406 487/434/487
f 78/687/78 82/686/82 79/683/79 14/682/14
f 400/447/400 490/588/490 397/443/397
f 489/589/489 403/452/403 396/442/396
f 404/453/404 405/590/405 395/943/395
f 489/589/489 491/591/491 403/452/403
f 491/591/491 489/589/489 490/588/490
f 491/591/491 405/590/405 404/453/404
f 9/430/9 412/456/412 406/428/406
f 112/58/112 355/60/355 36/600/36
f 355/60/355 356/611/356 36/600/36
f 36/599/36 356/66/356 354/65/354
f 36/599/36 354/65/354 162/101/162
f 354/65/354 353/373/353 492/596/492
f 353/373/353 354/65/354 351/930/351
f 353/373/353 493/594/493 494/597/494
f 493/594/493 127/69/127 331/85/331
f 331/85/331 298/291/298 493/594/493
f 492/596/492 163/102/163 162/101/162
f 162/101/162 44/103/44 139/118/139
f 32/593/32 36/600/36 495/603/495
f 32/593/32 33/273/33 123/403/123
f 32/593/32 495/603/495 33/273/33
f 288/970/288 290/277/290 289/280/289
f 291/278/291 290/277/290 156/607/156
f 156/607/156 496/601/496 291/278/291
f 292/971/292 139/118/139 293/283/293
f 139/118/139 292/971/292 496/598/496
f 36/600/36 496/972/496 497/602/497
f 33/973/33 153/605/153 288/970/288
f 288/970/288 153/605/153 290/277/290
f 290/277/290 153/605/153 156/607/156
f 495/606/495 153/605/153 33/973/33
f 137/604/137 497/974/497 496/601/496
f 137/604/137 495/606/495 497/974/497
f 492/596/492 498/595/498 163/102/163
f 228/290/228 498/595/498 494/597/494
f 228/290/228 494/597/494 493/594/493
f 296/176/296 498/595/498 228/290/228
f 163/102/163 498/595/498 296/176/296
f 163/102/163 295/287/295 166/608/166
f 493/594/493 298/291/298 181/111/181
f 357/359/357 347/369/347 499/975/499
f 379/59/379 23/46/23 500/45/500
f 348/370/348 343/361/343 349/367/349
f 330/924/330 132/347/132 329/339/329
f 132/347/132 332/344/332 328/340/328
f 333/613/333 326/345/326 332/344/332
f 332/344/332 122/346/122 333/613/333
f 142/87/142 45/112/45 298/291/298
f 37/76/37 501/616/501 152/104/152
f 302/976/302 507/621/507 202/620/202
f 505/913/505 504/914/504 204/900/204
f 504/624/504 230/174/230 304/892/304
f 209/156/209 505/626/505 58/154/58
f 505/860/505 305/162/305 504/624/504
f 506/977/506 508/627/508 509/978/509
f 508/627/508 507/621/507 509/978/509
f 506/977/506 505/913/505 303/622/303
f 508/627/508 506/977/506 303/622/303
f 58/154/58 506/979/506 509/631/509
f 503/618/503 190/980/190 509/629/509
f 302/294/302 503/618/503 509/629/509
f 503/618/503 517/695/517 190/980/190
f 517/695/517 510/694/510 516/642/516
f 515/637/515 41/641/41 545/638/545
f 43/640/43 549/841/549 512/639/512
f 548/981/548 518/155/518 517/645/517
f 518/155/518 58/154/58 190/632/190
f 518/155/518 519/142/519 232/179/232
f 232/179/232 519/142/519 306/915/306
f 161/660/161 525/662/525 311/303/311
f 159/661/159 149/663/149 157/666/157
f 149/663/149 159/661/159 161/660/161
f 312/100/312 157/75/157 29/63/29
f 29/63/29 313/884/313 312/100/312
f 31/62/31 313/884/313 29/63/29
f 526/743/526 117/61/117 29/63/29
f 117/61/117 637/844/637 31/62/31
f 87/670/87 75/23/75 530/325/530
f 68/326/68 8/747/8 69/12/69
f 69/12/69 6/11/6 68/326/68
f 531/677/531 10/13/10 69/12/69
f 532/982/532 533/678/533 534/679/534
f 329/342/329 134/78/134 133/77/133
f 534/338/534 26/923/26 532/693/532
f 26/923/26 327/343/327 532/693/532
f 535/676/535 324/983/324 18/984/18
f 322/680/322 536/689/536 537/681/537
f 538/985/538 323/872/323 14/682/14
f 70/685/70 323/872/323 538/985/538
f 538/985/538 79/683/79 70/685/70
f 324/986/324 82/686/82 18/688/18
f 536/329/536 10/13/10 18/984/18
f 78/687/78 14/682/14 537/681/537
f 14/682/14 79/683/79 538/985/538
f 539/987/539 80/684/80 79/683/79
f 539/987/539 79/683/79 324/986/324
f 79/683/79 82/686/82 324/986/324
f 549/841/549 160/636/160 547/753/547 548/988/548
f 537/681/537 536/689/536 78/687/78
f 535/692/535 327/343/327 325/690/325
f 134/78/134 511/643/511 37/76/37
f 37/76/37 511/643/511 516/642/516
f 516/642/516 510/694/510 37/76/37
f 501/616/501 510/694/510 502/292/502
f 502/292/502 510/694/510 540/617/540
f 540/617/540 517/695/517 503/618/503
f 503/618/503 302/294/302 301/295/301
f 510/694/510 501/616/501 37/76/37
f 511/643/511 134/78/134 113/881/113
f 513/842/513 511/643/511 113/881/113
f 545/638/545 544/699/544 546/754/546
f 573/716/573 568/989/568 571/990/571 572/724/572
f 549/841/549 516/991/516 512/639/512
f 516/992/516 549/993/549 548/981/548
f 548/981/548 517/645/517 516/992/516
f 587/140/587 175/838/175 198/141/198
f 550/704/550 306/915/306 519/142/519
f 307/994/307 306/706/306 562/713/562
f 307/994/307 562/713/562 551/995/551
f 551/995/551 216/996/216 307/994/307
f 309/655/309 554/708/554 521/710/521
f 557/107/557 558/997/558 171/998/171
f 551/647/551 562/999/562 556/137/556
f 553/654/553 567/728/567 554/708/554
f 554/708/554 309/655/309 553/654/553
f 559/1000/559 550/704/550 558/703/558
f 183/138/183 563/723/563 57/139/57
f 563/723/563 564/715/564 57/139/57
f 565/714/565 568/729/568 567/728/567
f 568/729/568 565/714/565 571/720/571
f 568/989/568 573/716/573 557/1001/557
f 557/1001/557 573/716/573 558/717/558
f 560/712/560 561/705/561 550/707/550
f 561/705/561 560/712/560 569/725/569
f 561/705/561 183/719/183 562/713/562
f 563/723/563 570/721/570 564/715/564
f 564/715/564 570/721/570 565/714/565
f 179/726/179 563/1002/563 569/725/569 572/724/572
f 569/725/569 183/719/183 561/705/561
f 183/719/183 569/725/569 563/1002/563
f 572/724/572 560/712/560 573/716/573
f 566/701/566 565/714/565 567/728/567 553/654/553
f 571/990/571 570/727/570 572/724/572
f 568/989/568 557/1001/557 555/1003/555
f 554/708/554 567/728/567 555/709/555
f 597/789/597 25/780/25 598/788/598 601/787/601
f 566/701/566 556/137/556 57/139/57
f 558/703/558 198/141/198 175/838/175
f 574/90/574 171/732/171 558/758/558
f 171/732/171 574/90/574 576/730/576
f 575/735/575 576/761/576 589/733/589
f 590/736/590 42/109/42 575/108/575
f 590/736/590 522/738/522 42/109/42
f 87/670/87 117/878/117 633/763/633
f 633/763/633 75/23/75 87/670/87
f 75/23/75 633/763/633 580/24/580
f 581/36/581 580/24/580 20/764/20
f 76/21/76 581/36/581 591/766/591
f 76/21/76 582/671/582 74/22/74
f 321/770/321 72/769/72 7/746/7
f 72/769/72 583/744/583 7/746/7
f 68/745/68 583/744/583 584/871/584
f 585/1004/585 16/749/16 8/747/8
f 17/750/17 531/677/531 69/12/69
f 533/678/533 532/982/532 531/1005/531
f 531/677/531 595/751/595 533/1006/533
f 533/678/533 595/1007/595 608/880/608
f 113/881/113 608/880/608 596/1008/596
f 544/699/544 587/755/587 546/754/546
f 547/753/547 587/755/587 548/988/548
f 587/140/587 518/155/518 548/981/548
f 605/792/605 145/760/145 576/761/576
f 589/733/589 600/784/600 577/783/577
f 578/734/578 589/733/589 577/783/577
f 522/738/522 598/1009/598 523/657/523
f 523/657/523 85/1010/85 27/739/27
f 523/50/523 93/37/93 85/876/85
f 27/1011/27 85/876/85 84/875/84
f 71/768/71 583/744/583 72/769/72
f 583/744/583 11/771/11 584/871/584
f 585/778/585 8/1012/8 584/871/584
f 71/768/71 594/777/594 11/771/11
f 592/775/592 594/777/594 71/768/71
f 16/773/16 581/36/581 606/35/606
f 595/751/595 17/750/17 607/794/607
f 596/1008/596 586/1013/586 113/881/113
f 600/784/600 589/733/589 604/762/604 140/785/140
f 598/1009/598 522/738/522 599/781/599
f 590/782/590 140/785/140 599/1014/599
f 597/789/597 35/89/35 602/72/602
f 602/72/602 25/780/25 597/789/597
f 603/1015/603 35/89/35 601/787/601
f 599/1014/599 604/762/604 601/790/601
f 604/762/604 599/1014/599 140/785/140
f 605/759/605 35/89/35 603/1015/603
f 93/1016/93 25/780/25 613/795/613 606/1017/606
f 598/1009/598 25/1018/25 523/657/523
f 322/330/322 70/332/70 364/382/364 6/11/6
f 16/1019/16 610/793/610 17/750/17
f 614/1020/614 586/1013/586 596/1008/596
f 606/1021/606 616/811/616 16/1022/16
f 616/811/616 610/805/610 16/1023/16
f 596/1008/596 608/880/608 614/1020/614
f 609/779/609 612/1024/612 613/795/613
f 615/800/615 608/802/608 595/806/595
f 606/1021/606 619/817/619 616/811/616
f 607/804/607 622/807/622 595/806/595
f 614/801/614 617/812/617 618/808/618
f 614/801/614 618/808/618 611/799/611
f 612/797/612 624/815/624 613/1025/613
f 619/817/619 606/1021/606 613/1025/613
f 616/811/616 620/810/620 610/805/610
f 620/810/620 621/803/621 610/805/610
f 607/804/607 621/803/621 622/807/622
f 613/1025/613 624/815/624 619/817/619
f 619/817/619 625/809/625 616/811/616
f 615/800/615 622/807/622 626/813/626
f 618/808/618 624/815/624 612/797/612
f 617/812/617 627/816/627 618/808/618
f 618/808/618 627/816/627 623/814/623
f 623/814/623 628/1026/628 624/815/624
f 624/815/624 628/1026/628 625/809/625
f 620/810/620 622/807/622 621/803/621
f 623/814/623 630/819/630 628/1026/628
f 625/809/625 629/818/629 620/810/620
f 626/813/626 630/819/630 627/816/627
f 628/1026/628 629/818/629 625/809/625
f 630/819/630 629/818/629 628/1026/628
f 617/812/617 614/801/614 615/800/615
f 20/764/20 633/763/633 635/1027/635
f 579/822/579 116/832/116 632/825/632
f 632/825/632 526/1028/526 579/822/579
f 632/825/632 117/827/117 526/1028/526
f 634/834/634 636/826/636 632/825/632
f 636/826/636 633/833/633 117/827/117
f 100/831/100 116/832/116 631/824/631
f 147/756/147 542/698/542 541/70/541
f 543/700/543 41/641/41 514/634/514
f 514/634/514 542/1029/542 543/700/543
f 513/633/513 542/1029/542 514/634/514
f 134/78/134 533/678/533 113/881/113
f 535/676/535 18/984/18 10/13/10
f 74/843/74 4/4/4 320/2/320
f 638/309/638 108/1030/108 527/310/527
f 640/853/640 529/859/529 639/850/639
f 86/854/86 530/858/530 640/853/640
f 86/669/86 637/877/637 87/670/87
f 108/848/108 638/857/638 641/849/641
f 641/849/641 101/851/101 639/850/639
f 642/855/642 641/849/641 638/857/638
f 641/849/641 642/855/642 101/851/101
f 529/859/529 319/846/319 83/845/83
f 83/845/83 639/850/639 529/859/529
f 528/668/528 319/919/319 106/323/106
f 524/665/524 310/664/310 151/916/151
f 319/919/319 393/388/393 106/323/106
f 643/320/643 315/316/315 107/918/107
f 318/318/318 125/321/125 317/319/317
f 317/91/317 254/863/254 141/1031/141
f 146/93/146 53/395/53 252/862/252
f 146/93/146 254/863/254 317/91/317
f 254/863/254 644/1032/644 141/1031/141
f 527/310/527 108/1030/108 107/917/107
f 301/295/301 181/111/181 297/113/297
f 301/295/301 297/113/297 299/293/299
f 169/119/169 294/889/294 170/117/170
f 169/119/169 178/609/178 294/889/294
f 201/147/201 187/866/187 284/136/284
f 187/866/187 201/147/201 182/122/182
f 257/897/257 225/167/225 217/166/217
f 217/166/217 221/263/221 257/897/257
f 440/505/440 24/55/24 91/42/91 90/41/90
f 252/216/252 242/905/242 243/217/243
f 241/212/241 256/228/256 248/148/248
f 210/867/210 231/901/231 223/885/223
f 223/885/223 231/901/231 63/183/63
f 223/1033/223 63/169/63 224/170/224
f 52/132/52 188/270/188 201/147/201
f 171/998/171 575/108/575 557/107/557
f 125/92/125 38/392/38 146/93/146
f 352/68/352 30/356/30 119/355/119
f 85/876/85 93/37/93 20/764/20
